TWStm6,852
TWStm6,2716
TWStm6,3092
TWStm6,4042
TWStm6,4156
TWStm6,8531
TWStm6,8580
TWStm6,8648
TWStm6,8720
TWStm6,10646
TWStm6,10739
TWStm6,11022
TWStm6,12513
TWStm6,13866
TWStm6,15487
TWStm6,15571
TWStm6,15698
TWStm6,17934
TWStm6,18660
TWStm6,19520
TWStm6,19521
TWStm6,20180
TWStm6,23061
TWStm6,24537
TWStm6,24636
TWStm6,27026
TWStm6,27082
TWStm6,28042
TWStm6,29614
TWStm6,29954
TWStm6,30843
TWStm6,31694
TWStm6,32372
TWStm6,33126
TWStm6,33675
TWStm6,35227
TWStm6,35639
TWStm6,37401
TWStm6,37848
TWStm6,38144
TWStm6,40914
TWStm6,42019
TWStm6,43768
TWStm6,44159
TWStm6,44795
TWStm6,51220
TWStm6,51984
TWStm6,53731
TWStm6,54498
TWStm6,55018
TWStm6,55166
TWStm6,55529
TWStm6,55918
TWStm6,56207
TWStm6,56559
TWStm6,59314
TWStm6,61195
TWStm6,62647
TWStm6,63634
TWStm6,63647
TWStm6,63703
TWStm6,63875
TWStm6,63941
TWStm6,65270
TWStm6,65429
TWStm6,66382
TWStm6,68042
TWStm6,72038
TWStm6,72445
TWStm6,74201
TWStm6,75275
TWStm6,75367
TWStm6,75424
TWStm6,75485
TWStm6,75512
TWStm6,75516
TWStm6,75598
TWStm6,75627
TWStm6,75657
TWStm6,75684
TWStm6,75759
TWStm6,75882
TWStm6,76804
TWStm6,78403
TWStm6,79565
TWStm6,79739
TWStm6,79808
TWStm6,80604
TWStm6,81516
TWStm6,82042
TWStm6,82068
TWStm6,82320
TWStm6,84860
TWStm6,85180
TWStm6,93453
TWStm6,95156
TWStm6,95354
TWStm6,96324
TWStm6,96525
TWStm6,96935
TWStm6,97549
TWStm6,99153
TWStm6,99733
TWStm6,100214
TWStm6,100354
TWStm6,100520
TWStm6,100952
TWStm6,101484
TWStm6,104808
TWStm6,105175
TWStm6,108232
TWStm6,111574
TWStm6,111982
TWStm6,113491
TWStm6,113688
TWStm6,116140
TWStm6,116632
TWStm6,116999
TWStm6,119394
TWStm6,120953
TWStm6,124802
TWStm6,126536
TWStm6,128883
TWStm6,129238
TWStm6,129990
TWStm6,130686
TWStm6,131801
TWStm6,132243
TWStm6,133207
TWStm6,134073
TWStm6,134246
TWStm6,134533
TWStm6,135860
TWStm6,136248
TWStm6,136597
TWStm6,137748
TWStm6,138313
TWStm6,138662
TWStm6,141264
TWStm6,141990
TWStm6,142517
TWStm6,144551
TWStm6,145274
TWStm6,145623
TWStm6,147091
TWStm6,148090
TWStm6,149555
TWStm6,150917
TWStm6,151383
TWStm6,151971
TWStm6,153187
TWStm6,153490
TWStm6,153953
TWStm6,155304
TWStm6,156756
TWStm6,156855
TWStm6,157694
TWStm6,157920
TWStm6,158045
TWStm6,162236
TWStm6,163615
TWStm6,163820
TWStm6,163880
TWStm6,163941
TWStm6,163980
TWStm6,164268
TWStm6,164946
TWStm6,165252
TWStm6,166184
TWStm6,166659
TWStm6,168146
TWStm6,169406
TWStm6,171757
TWStm6,171943
TWStm6,172030
TWStm6,172283
TWStm6,172821
TWStm6,172975
TWStm6,173038
TWStm6,176214
TWStm6,176484
TWStm6,176536
TWStm6,177196
TWStm6,177846
TWStm6,180246
TWStm6,180437
TWStm6,180467
TWStm6,181725
TWStm6,183201
TWStm6,184335
TWStm6,186253
TWStm6,189737
TWStm6,189997
TWStm6,190973
TWStm6,193877
TWStm6,193997
TWStm6,194561
TWStm6,196701
TWStm6,197077
TWStm6,197344
TWStm6,200255
TWStm6,200791
TWStm6,201349
TWStm6,202092
TWStm6,202663
TWStm6,202802
TWStm6,204968
TWStm6,205180
TWStm6,206514
TWStm6,207118
TWStm6,207119
TWStm6,207547
TWStm6,207956
TWStm6,208428
TWStm6,208459
TWStm6,211099
TWStm6,213471
TWStm6,213707
TWStm6,213855
TWStm6,213936
TWStm6,214083
TWStm6,215137
TWStm6,216269
TWStm6,216940
TWStm6,217432
TWStm6,217952
TWStm6,217953
TWStm6,217962
TWStm6,218802
TWStm6,220873
TWStm6,221341
TWStm6,222847
TWStm6,223387
TWStm6,224601
TWStm6,224799
TWStm6,225955
TWStm6,226008
TWStm6,226676
TWStm6,227036
TWStm6,228721
TWStm6,228885
TWStm6,231663
TWStm6,231834
TWStm6,232911
TWStm6,236715
TWStm6,240343
TWStm6,241112
TWStm6,245929
TWStm6,246103
TWStm6,247513
TWStm6,247587
TWStm6,247618
TWStm6,248452
TWStm6,250510
TWStm6,253830
TWStm6,253838
TWStm6,258379
TWStm6,261147
TWStm6,263633
TWStm6,264264
TWStm6,265734
TWStm6,265836
TWStm6,267503
TWStm6,267609
TWStm6,268184
TWStm6,268190
TWStm6,268681
TWStm6,273936
TWStm6,276568
TWStm6,277023
TWStm6,278034
TWStm6,278066
TWStm6,278655
TWStm6,279035
TWStm6,279741
TWStm6,280841
TWStm6,281904
TWStm6,282545
TWStm6,285005
TWStm6,285576
TWStm6,285819
TWStm6,286331
TWStm6,288421
TWStm6,288849
TWStm6,289136
TWStm6,289397
TWStm6,289974
TWStm6,292165
TWStm6,292243
TWStm6,292274
TWStm6,292367
TWStm6,292564
TWStm6,292793
TWStm6,292861
TWStm6,293274
TWStm6,293293
TWStm6,293294
TWStm6,295662
TWStm6,295668
TWStm6,295730
TWStm6,297376
TWStm6,298010
TWStm6,299125
TWStm6,301644
TWStm6,301896
TWStm6,302574
TWStm6,304354
TWStm6,305450
TWStm6,305522
TWStm6,307864
TWStm6,308414
TWStm6,308613
TWStm6,308725
TWStm6,308821
TWStm6,309367
TWStm6,309554
TWStm6,309610
TWStm6,309730
TWStm6,312215
TWStm6,312240
TWStm6,312258
TWStm6,312286
TWStm6,313924
TWStm6,314731
TWStm6,315137
TWStm6,315762
TWStm6,316925
TWStm6,317544
TWStm6,317994
TWStm6,320575
TWStm6,321614
TWStm6,321824
TWStm6,321958
TWStm6,322972
TWStm6,323911
TWStm6,324158
TWStm6,324914
TWStm6,325162
TWStm6,325204
TWStm6,326648
TWStm6,328067
TWStm6,328314
TWStm6,328470
TWStm6,330649
TWStm6,330822
TWStm6,331345
TWStm6,333600
TWStm6,335402
TWStm6,335556
TWStm6,336173
TWStm6,336210
TWStm6,336608
TWStm6,336974
TWStm6,336980
TWStm6,337039
TWStm6,337341
TWStm6,338249
TWStm6,338906
TWStm6,339028
TWStm6,339600
TWStm6,340020
TWStm6,340151
TWStm6,340256
TWStm6,340807
TWStm6,341031
TWStm6,342041
TWStm6,342049
TWStm6,342564
TWStm6,342899
TWStm6,343156
TWStm6,343591
TWStm6,343944
TWStm6,344618
TWStm6,345461
TWStm6,345741
TWStm6,346577
TWStm6,346873
TWStm6,348369
TWStm6,348486
TWStm6,348802
TWStm6,349862
TWStm6,350217
TWStm6,350301
TWStm6,354019
TWStm6,354272
TWStm6,354466
TWStm6,355002
TWStm6,355911
TWStm6,356307
TWStm6,361728
TWStm6,364873
TWStm6,365587
TWStm6,366280
TWStm6,367416
TWStm6,367497
TWStm6,369166
TWStm6,369252
TWStm6,369834
TWStm6,369922
TWStm6,370056
TWStm6,370057
TWStm6,370068
TWStm6,370374
TWStm6,370430
TWStm6,370634
TWStm6,371535
TWStm6,389012
TWStm6,390573
TWStm6,394801
TWStm6,395021
TWStm6,397367
TWStm6,398350
TWStm6,400058
TWStm6,400682
TWStm6,400801
TWStm6,402103
TWStm6,402386
TWStm6,404964
TWStm6,406259
TWStm6,407354
TWStm6,409030
TWStm6,409392
TWStm6,409657
TWStm6,410159
TWStm6,410613
TWStm6,411186
TWStm6,411461
TWStm6,411483
TWStm6,416020
TWStm6,417302
TWStm6,418201
TWStm6,419948
TWStm6,421258
TWStm6,421484
TWStm6,421667
TWStm6,421735
TWStm6,422420
TWStm6,424223
TWStm6,425826
TWStm6,427941
TWStm6,428141
TWStm6,431174
TWStm6,432137
TWStm6,432297
TWStm6,434404
TWStm6,435099
TWStm6,435799
TWStm6,438079
TWStm6,441660
TWStm6,442232
TWStm6,442695
TWStm6,443337
TWStm6,444796
TWStm6,445397
TWStm6,447035
TWStm6,447676
TWStm6,447931
TWStm6,448833
TWStm6,450783
TWStm6,450784
TWStm6,450999
TWStm6,451033
TWStm6,451177
TWStm6,451339
TWStm6,452604
TWStm6,454767
TWStm6,455965
TWStm6,456887
TWStm6,457780
TWStm6,458262
TWStm6,459595
TWStm6,459658
TWStm6,460062
TWStm6,460837
TWStm6,461309
TWStm6,461442
TWStm6,462709
TWStm6,463199
TWStm6,463974
TWStm6,466730
TWStm6,467235
TWStm6,468323
TWStm6,468423
TWStm6,469122
TWStm6,470386
TWStm6,471418
TWStm6,472901
TWStm6,473757
TWStm6,474004
TWStm6,475183
TWStm6,475528
TWStm6,476270
TWStm6,476993
TWStm6,478900
TWStm6,479850
TWStm6,480182
TWStm6,483986
TWStm6,485133
TWStm6,485950
TWStm6,486223
TWStm6,487005
TWStm6,488066
TWStm6,489706
TWStm6,489755
TWStm6,489797
TWStm6,490134
TWStm6,493018
TWStm6,493242
TWStm6,493505
TWStm6,499753
TWStm6,500361
TWStm6,500871
TWStm6,501105
TWStm6,501317
TWStm6,503124
TWStm6,504343
TWStm6,506470
TWStm6,506561
TWStm6,506634
TWStm6,506709
TWStm6,507849
TWStm6,508245
TWStm6,508747
TWStm6,508778
TWStm6,511409
TWStm6,511433
TWStm6,512916
TWStm6,517416
TWStm6,520552
TWStm6,522601
TWStm6,526193
TWStm6,526520
TWStm6,527200
TWStm6,528617
TWStm6,528781
TWStm6,529794
TWStm6,529863
TWStm6,530117
TWStm6,530307
TWStm6,531651
TWStm6,531761
TWStm6,532434
TWStm6,533118
TWStm6,535947
TWStm6,536271
TWStm6,536685
TWStm6,536975
TWStm6,538329
TWStm6,538618
TWStm6,539771
TWStm6,540222
TWStm6,541575
TWStm6,541971
TWStm6,542114
TWStm6,542566
TWStm6,542704
TWStm6,543445
TWStm6,543569
TWStm6,543870
TWStm6,544757
TWStm6,545360
TWStm6,546013
TWStm6,546401
TWStm6,547537
TWStm6,548316
TWStm6,549280
TWStm6,549884
TWStm6,549918
TWStm6,550845
TWStm6,553877
TWStm6,554720
TWStm6,556675
TWStm6,557962
TWStm6,559462
TWStm6,560473
TWStm6,562988
TWStm6,563001
TWStm6,567422
TWStm6,568221
TWStm6,569255
TWStm6,570068
TWStm6,573761
TWStm6,574193
TWStm6,574834
TWStm6,574865
TWStm6,576112
TWStm6,576880
TWStm6,578129
TWStm6,579660
TWStm6,580130
TWStm6,582664
TWStm6,583377
TWStm6,584729
TWStm6,585158
TWStm6,586070
TWStm6,586245
TWStm6,586613
TWStm6,589467
TWStm6,590554
TWStm6,591899
TWStm6,592199
TWStm6,592914
TWStm6,593229
TWStm6,594285
TWStm6,595152
TWStm6,597731
TWStm6,597945
TWStm6,600025
TWStm6,601607
TWStm6,602026
TWStm6,602833
TWStm6,603173
TWStm6,603227
TWStm6,604148
TWStm6,604875
TWStm6,607428
TWStm6,607847
TWStm6,608453
TWStm6,609751
TWStm6,611166
TWStm6,613003
TWStm6,615571
TWStm6,618136
TWStm6,618450
TWStm6,619274
TWStm6,620872
TWStm6,621145
TWStm6,622243
TWStm6,623076
TWStm6,624542
TWStm6,628830
TWStm6,629239
TWStm6,629725
TWStm6,630636
TWStm6,630709
TWStm6,631428
TWStm6,631513
TWStm6,631521
TWStm6,631577
TWStm6,632141
TWStm6,632629
TWStm6,633380
TWStm6,633449
TWStm6,634288
TWStm6,634558
TWStm6,634864
TWStm6,635501
TWStm6,637515
TWStm6,638142
TWStm6,642387
TWStm6,642524
TWStm6,642738
TWStm6,643229
TWStm6,643563
TWStm6,644517
TWStm6,645603
TWStm6,646541
TWStm6,646646
TWStm6,647433
TWStm6,647489
TWStm6,647496
TWStm6,648571
TWStm6,649089
TWStm6,649142
TWStm6,649188
TWStm6,649351
TWStm6,650642
TWStm6,651591
TWStm6,651634
TWStm6,651941
TWStm6,652978
TWStm6,654894
TWStm6,655275
TWStm6,656357
TWStm6,656951
TWStm6,657796
TWStm6,657954
TWStm6,658008
TWStm6,658050
TWStm6,658374
TWStm6,658675
TWStm6,658684
TWStm6,658795
TWStm6,658796
TWStm6,658946
TWStm6,658967
TWStm6,658973
TWStm6,658988
TWStm6,659150
TWStm6,659153
TWStm6,659885
TWStm6,661153
TWStm6,662318
TWStm6,662754
TWStm6,663397
TWStm6,664130
TWStm6,664434
TWStm6,665040
TWStm6,667621
TWStm6,667691
TWStm6,669391
TWStm6,669404
TWStm6,670097
TWStm6,670270
TWStm6,670526
TWStm6,671672
TWStm6,672103
TWStm6,672485
TWStm6,673670
TWStm6,674603
TWStm6,676303
TWStm6,677398
TWStm6,677449
TWStm6,677496
TWStm6,678814
TWStm6,678923
TWStm6,679359
TWStm6,680242
TWStm6,681378
TWStm6,681460
TWStm6,682327
TWStm6,682892
TWStm6,683522
TWStm6,683663
TWStm6,684468
TWStm6,688270
TWStm6,688988
TWStm6,691958
TWStm6,692624
TWStm6,692779
TWStm6,694024
TWStm6,694128
TWStm6,695245
TWStm6,695420
TWStm6,697079
TWStm6,697157
TWStm6,697386
TWStm6,697442
TWStm6,698390
TWStm6,698845
TWStm6,699062
TWStm6,700123
TWStm6,700921
TWStm6,701229
TWStm6,702648
TWStm6,702971
TWStm6,703703
TWStm6,704232
TWStm6,705603
TWStm6,708126
TWStm6,709095
TWStm6,709546
TWStm6,709641
TWStm6,711034
TWStm6,711366
TWStm6,712231
TWStm6,713643
TWStm6,716480
TWStm6,717345
TWStm6,717882
TWStm6,718683
TWStm6,719579
TWStm6,719589
TWStm6,720328
TWStm6,720915
TWStm6,720959
TWStm6,721552
TWStm6,722024
TWStm6,722953
TWStm6,724599
TWStm6,726695
TWStm6,726764
TWStm6,728119
TWStm6,729348
TWStm6,729846
TWStm6,731027
TWStm6,733672
TWStm6,734216
TWStm6,734547
TWStm6,734976
TWStm6,736827
TWStm6,736959
TWStm6,739148
TWStm6,739809
TWStm6,739929
TWStm6,740258
TWStm6,740354
TWStm6,740503
TWStm6,740892
TWStm6,741261
TWStm6,741560
TWStm6,741737
TWStm6,742046
TWStm6,742145
TWStm6,742919
TWStm6,743271
TWStm6,744332
TWStm6,745972
TWStm6,747075
TWStm6,748268
TWStm6,748542
TWStm6,750214
TWStm6,750429
TWStm6,750451
TWStm6,751285
TWStm6,751615
TWStm6,751911
TWStm6,752322
TWStm6,754824
TWStm6,756414
TWStm6,757960
TWStm6,758298
TWStm6,758437
TWStm6,758696
TWStm6,758929
TWStm6,759085
TWStm6,759878
TWStm6,760647
TWStm6,762058
TWStm6,764471
TWStm6,765292
TWStm6,765361
TWStm6,765383
TWStm6,765402
TWStm6,765704
TWStm6,766193
TWStm6,766815
TWStm6,766986
TWStm6,767539
TWStm6,770501
TWStm6,771145
TWStm6,772752
TWStm6,773953
TWStm6,773958
TWStm6,775048
TWStm6,776225
TWStm6,778602
TWStm6,779048
TWStm6,780025
TWStm6,780432
TWStm6,784477
TWStm6,785430
TWStm6,785519
TWStm6,786296
TWStm6,788312
TWStm6,789491
TWStm6,790244
TWStm6,793631
TWStm6,795621
TWStm6,796471
TWStm6,798075
TWStm6,798557
TWStm6,798724
TWStm6,799135
TWStm6,802133
TWStm6,803608
TWStm6,803787
TWStm6,804341
TWStm6,804351
TWStm6,804363
TWStm6,804406
TWStm6,804629
TWStm6,804697
TWStm6,805622
TWStm6,805651
TWStm6,805712
TWStm6,806005
TWStm6,806399
TWStm6,806633
TWStm6,806836
TWStm6,807235
TWStm6,807281
TWStm6,807286
TWStm6,807435
TWStm6,807605
TWStm6,808911
TWStm6,809202
TWStm6,809434
TWStm6,809655
TWStm6,809897
TWStm6,810096
TWStm6,810533
TWStm6,810630
TWStm6,810673
TWStm6,810708
TWStm6,810917
TWStm6,811016
TWStm6,811659
TWStm6,812040
TWStm6,812139
TWStm6,812615
TWStm6,815050
TWStm6,815446
TWStm6,815821
TWStm6,815917
TWStm6,815957
TWStm6,816234
TWStm6,817941
TWStm6,824056
TWStm6,824921
TWStm6,825200
TWStm6,825385
TWStm6,826922
TWStm6,827521
TWStm6,828191
TWStm6,828506
TWStm6,829171
TWStm6,829345
TWStm6,829550
TWStm6,830266
TWStm6,830814
TWStm6,831187
TWStm6,832187
TWStm6,832651
TWStm6,832783
TWStm6,833997
TWStm6,834709
TWStm6,835713
TWStm6,838407
TWStm6,839580
TWStm6,840697
TWStm6,841271
TWStm6,842245
TWStm6,842732
TWStm6,842845
TWStm6,843700
TWStm6,847711
TWStm6,850067
TWStm6,850117
TWStm6,850297
TWStm6,850303
TWStm6,850312
TWStm6,850483
TWStm6,850486
TWStm6,850489
TWStm6,850492
TWStm6,851002
TWStm6,851020
TWStm6,851089
TWStm6,851092
TWStm6,851169
TWStm6,851171
TWStm6,851212
TWStm6,851251
TWStm6,851301
TWStm6,851422
TWStm6,851688
TWStm6,852802
TWStm6,852856
TWStm6,852943
TWStm6,853195
TWStm6,853280
TWStm6,853669
TWStm6,855006
TWStm6,858632
TWStm6,859445
TWStm6,862761
TWStm6,863068
TWStm6,863115
TWStm6,863869
TWStm6,865793
TWStm6,866292
TWStm6,866401
TWStm6,867954
TWStm6,868088
TWStm6,870145
TWStm6,870715
TWStm6,873048
TWStm6,876603
TWStm6,877044
TWStm6,877290
TWStm6,877944
TWStm6,878255
TWStm6,878350
TWStm6,879019
TWStm6,879357
TWStm6,879903
TWStm6,880202
TWStm6,883867
TWStm6,883973
TWStm6,884313
TWStm6,886209
TWStm6,887261
TWStm6,887555
TWStm6,889857
TWStm6,890283
TWStm6,890670
TWStm6,892370
TWStm6,893574
TWStm6,894957
TWStm6,895761
TWStm6,895982
TWStm6,896011
TWStm6,896038
TWStm6,898142
TWStm6,898706
TWStm6,899016
TWStm6,899434
TWStm6,902069
TWStm6,903113
TWStm6,904283
TWStm6,905313
TWStm6,907508
TWStm6,907717
TWStm6,908530
TWStm6,911321
TWStm6,911503
TWStm6,913169
TWStm6,913693
TWStm6,914334
TWStm6,914453
TWStm6,915334
TWStm6,917757
TWStm6,918366
TWStm6,918987
TWStm6,918988
TWStm6,922821
TWStm6,923301
TWStm6,923469
TWStm6,923846
TWStm6,923953
TWStm6,924528
TWStm6,924569
TWStm6,925939
TWStm6,928007
TWStm6,929278
TWStm6,929702
TWStm6,932820
TWStm6,934612
TWStm6,934701
TWStm6,936273
TWStm6,939176
TWStm6,940279
TWStm6,941076
TWStm6,941427
TWStm6,942151
TWStm6,942285
TWStm6,943129
TWStm6,944408
TWStm6,944519
TWStm6,944619
TWStm6,944666
TWStm6,945011
TWStm6,945219
TWStm6,950251
TWStm6,950573
TWStm6,950630
TWStm6,950631
TWStm6,950723
TWStm6,950763
TWStm6,951120
TWStm6,951398
TWStm6,953002
TWStm6,953559
TWStm6,953917
TWStm6,954281
TWStm6,954452
TWStm6,954910
TWStm6,955372
TWStm6,955707
TWStm6,955719
TWStm6,956439
TWStm6,956772
TWStm6,957197
TWStm6,957298
TWStm6,960141
TWStm6,967343
TWStm6,967353
TWStm6,968119
TWStm6,968353
TWStm6,968464
TWStm6,968943
TWStm6,973091
TWStm6,973228
TWStm6,973275
TWStm6,974442
TWStm6,974685
TWStm6,974888
TWStm6,974907
TWStm6,975199
TWStm6,976281
TWStm6,976337
TWStm6,977935
TWStm6,980209
TWStm6,981537
TWStm6,982838
TWStm6,982869
TWStm6,983487
TWStm6,985441
TWStm6,985877
TWStm6,986069
TWStm6,986209
TWStm6,986812
TWStm6,987111
TWStm6,987472
TWStm6,987722
TWStm6,988779
TWStm6,991228
TWStm6,993040
TWStm6,993312
TWStm6,995775
TWStm6,996108
TWStm6,999106
TWStm6,999441
TWStm6,1000581
TWStm6,1001500
TWStm6,1002025
TWStm6,1002926
TWStm6,1002964
TWStm6,1003389
TWStm6,1004120
TWStm6,1005696
TWStm6,1005698
TWStm6,1005699
TWStm6,1006108
TWStm6,1010270
TWStm6,1010560
TWStm6,1012891
TWStm6,1012985
TWStm6,1013325
TWStm6,1013817
TWStm6,1014291
TWStm6,1015281
TWStm6,1016119
TWStm6,1016618
TWStm6,1016663
TWStm6,1017873
TWStm6,1018668
TWStm6,1019881
TWStm6,1020764
TWStm6,1021281
TWStm6,1023379
TWStm6,1023888
TWStm6,1025550
TWStm6,1026082
TWStm6,1026192
TWStm6,1026504
TWStm6,1026645
TWStm6,1028941
TWStm6,1029626
TWStm6,1029988
TWStm6,1030422
TWStm6,1030717
TWStm6,1031001
TWStm6,1031685
TWStm6,1032325
TWStm6,1032386
TWStm6,1032690
TWStm6,1032804
TWStm6,1032866
TWStm6,1033136
TWStm6,1035268
TWStm6,1035335
TWStm6,1035371
TWStm6,1035751
TWStm6,1036728
TWStm6,1037227
TWStm6,1037264
TWStm6,1038639
TWStm6,1040476
TWStm6,1040586
TWStm6,1040705
TWStm6,1042945
TWStm6,1043848
TWStm6,1044816
TWStm6,1045097
TWStm6,1046185
TWStm6,1048410
TWStm6,1049069
TWStm6,1051359
TWStm6,1053477
TWStm6,1053577
TWStm6,1054756
TWStm6,1055107
TWStm6,1056119
TWStm6,1057271
TWStm6,1058257
TWStm6,1058560
TWStm6,1059130
TWStm6,1061530
TWStm6,1061539
TWStm6,1063178
TWStm6,1063587
TWStm6,1063635
TWStm6,1063947
TWStm6,1068167
TWStm6,1069169
TWStm6,1069229
TWStm6,1069285
TWStm6,1069372
TWStm6,1071649
TWStm6,1071951
TWStm6,1073484
TWStm6,1074077
TWStm6,1074227
TWStm6,1074936
TWStm6,1115814
TWStm6,1116114
TWStm6,1118214
TWStm6,1118308
TWStm6,1119221
TWStm6,1119232
TWStm6,1120471
TWStm6,1120590
TWStm6,1120756
TWStm6,1122108
TWStm6,1123052
TWStm6,1124517
TWStm6,1125914
TWStm6,1126430
TWStm6,1128300
TWStm6,1129555
TWStm6,1132568
TWStm6,1133069
TWStm6,1133134
TWStm6,1133290
TWStm6,1135863
TWStm6,1136120
TWStm6,1136682
TWStm6,1137108
TWStm6,1137150
TWStm6,1139039
TWStm6,1139049
TWStm6,1140316
TWStm6,1140918
TWStm6,1140960
TWStm6,1141771
TWStm6,1141815
TWStm6,1141995
TWStm6,1141996
TWStm6,1143737
TWStm6,1145027
TWStm6,1145657
TWStm6,1146727
TWStm6,1149496
TWStm6,1150271
TWStm6,1150300
TWStm6,1151803
TWStm6,1154875
TWStm6,1154881
TWStm6,1155689
TWStm6,1156872
TWStm6,1157576
TWStm6,1158189
TWStm6,1158456
TWStm6,1159642
TWStm6,1164031
TWStm6,1164574
TWStm6,1165179
TWStm6,1167028
TWStm6,1167640
TWStm6,1170316
TWStm6,1170842
TWStm6,1170928
TWStm6,1171139
TWStm6,1171678
TWStm6,1171816
TWStm6,1173581
TWStm6,1174416
TWStm6,1174550
TWStm6,1174672
TWStm6,1174899
TWStm6,1176208
TWStm6,1177453
TWStm6,1177485
TWStm6,1178513
TWStm6,1179199
TWStm6,1182347
TWStm6,1182624
TWStm6,1182842
TWStm6,1183217
TWStm6,1184923
TWStm6,1187450
TWStm6,1188569
TWStm6,1189222
TWStm6,1189230
TWStm6,1189629
TWStm6,1189637
TWStm6,1189928
TWStm6,1190334
TWStm6,1191079
TWStm6,1193798
TWStm6,1194203
TWStm6,1194462
TWStm6,1194621
TWStm6,1194716
TWStm6,1195578
TWStm6,1196961
TWStm6,1198674
TWStm6,1199179
TWStm6,1199464
TWStm6,1200605
TWStm6,1200612
TWStm6,1201129
TWStm6,1203044
TWStm6,1203167
TWStm6,1203223
TWStm6,1203227
TWStm6,1205415
TWStm6,1208894
TWStm6,1210087
TWStm6,1211357
TWStm6,1212234
TWStm6,1214143
TWStm6,1214173
TWStm6,1214203
TWStm6,1214472
TWStm6,1214759
TWStm6,1215511
TWStm6,1215701
TWStm6,1216505
TWStm6,1218960
TWStm6,1219708
TWStm6,1220263
TWStm6,1221089
TWStm6,1221422
TWStm6,1223348
TWStm6,1223948
TWStm6,1225359
TWStm6,1225728
TWStm6,1226220
TWStm6,1226249
TWStm6,1226506
TWStm6,1226569
TWStm6,1226570
TWStm6,1227842
TWStm6,1228860
TWStm6,1230114
TWStm6,1230279
TWStm6,1233150
TWStm6,1234837
TWStm6,1236219
TWStm6,1236744
TWStm6,1237296
TWStm6,1237375
TWStm6,1238513
TWStm6,1238935
TWStm6,1239584
TWStm6,1241037
TWStm6,1241371
TWStm6,1243885
TWStm6,1244444
TWStm6,1245004
TWStm6,1247049
TWStm6,1247084
TWStm6,1248152
TWStm6,1248925
TWStm6,1251593
TWStm6,1251721
TWStm6,1252089
TWStm6,1252165
TWStm6,1252583
TWStm6,1252931
TWStm6,1256116
TWStm6,1256201
TWStm6,1257859
TWStm6,1258100
TWStm6,1259132
TWStm6,1259635
TWStm6,1260235
TWStm6,1260662
TWStm6,1261370
TWStm6,1262943
TWStm6,1264022
TWStm6,1267137
TWStm6,1267977
TWStm6,1268216
TWStm6,1268542
TWStm6,1269613
TWStm6,1269732
TWStm6,1271190
TWStm6,1273307
TWStm6,1279673
TWStm6,1280459
TWStm6,1280963
TWStm6,1281138
TWStm6,1281858
TWStm6,1282865
TWStm6,1283178
TWStm6,1284279
TWStm6,1284889
TWStm6,1285330
TWStm6,1286247
TWStm6,1287028
TWStm6,1287569
TWStm6,1287910
TWStm6,1287984
TWStm6,1288175
TWStm6,1288261
TWStm6,1288263
TWStm6,1288378
TWStm6,1288623
TWStm6,1291221
TWStm6,1291508
TWStm6,1291824
TWStm6,1293420
TWStm6,1295444
TWStm6,1296651
TWStm6,1297572
TWStm6,1298569
TWStm6,1298622
TWStm6,1298667
TWStm6,1298717
TWStm6,1299512
TWStm6,1299549
TWStm6,1301018
TWStm6,1301372
TWStm6,1302765
TWStm6,1302946
TWStm6,1303487
TWStm6,1303875
TWStm6,1304586
TWStm6,1304662
TWStm6,1305321
TWStm6,1305945
TWStm6,1306227
TWStm6,1306406
TWStm6,1306595
TWStm6,1307356
TWStm6,1308387
TWStm6,1309491
TWStm6,1311279
TWStm6,1312669
TWStm6,1313719
TWStm6,1314985
TWStm6,1315790
TWStm6,1318445
TWStm6,1319323
TWStm6,1319574
TWStm6,1320640
TWStm6,1320745
TWStm6,1320750
TWStm6,1320957
TWStm6,1321235
TWStm6,1321360
TWStm6,1321881
TWStm6,1323670
TWStm6,1323780
TWStm6,1324257
TWStm6,1324581
TWStm6,1325201
TWStm6,1325835
TWStm6,1326929
TWStm6,1326942
TWStm6,1328630
TWStm6,1328935
TWStm6,1329959
TWStm6,1329970
TWStm6,1331820
TWStm6,1332372
TWStm6,1332632
TWStm6,1333444
TWStm6,1335058
TWStm6,1335818
TWStm6,1336327
TWStm6,1337365
TWStm6,1337379
TWStm6,1338753
TWStm6,1339970
TWStm6,1339975
TWStm6,1340615
TWStm6,1341799
TWStm6,1342640
TWStm6,1343361
TWStm6,1344040
TWStm6,1345286
TWStm6,1345766
TWStm6,1348172
TWStm6,1350014
TWStm6,1350751
TWStm6,1352605
TWStm6,1352964
TWStm6,1353119
TWStm6,1355045
TWStm6,1356236
TWStm6,1357399
TWStm6,1357465
TWStm6,1357816
TWStm6,1357933
TWStm6,1358780
TWStm6,1360995
TWStm6,1361075
TWStm6,1361139
TWStm6,1361442
TWStm6,1361640
TWStm6,1362084
TWStm6,1362423
TWStm6,1363417
TWStm6,1363717
TWStm6,1364491
TWStm6,1364603
TWStm6,1364759
TWStm6,1364853
TWStm6,1365051
TWStm6,1365460
TWStm6,1366725
TWStm6,1368014
TWStm6,1368233
TWStm6,1369403
TWStm6,1369800
TWStm6,1370884
TWStm6,1371584
TWStm6,1372984
TWStm6,1373664
TWStm6,1374823
TWStm6,1374908
TWStm6,1375116
TWStm6,1375344
TWStm6,1376108
TWStm6,1377393
TWStm6,1378544
TWStm6,1378555
TWStm6,1379929
TWStm6,1380083
TWStm6,1380224
TWStm6,1381614
TWStm6,1384474
TWStm6,1385500
TWStm6,1385952
TWStm6,1387231
TWStm6,1388139
TWStm6,1388360
TWStm6,1389443
TWStm6,1390709
TWStm6,1391670
TWStm6,1393203
TWStm6,1393491
TWStm6,1393954
TWStm6,1394092
TWStm6,1394477
TWStm6,1396852
TWStm6,1397091
TWStm6,1400007
TWStm6,1400729
TWStm6,1402068
TWStm6,1402506
TWStm6,1403410
TWStm6,1404029
TWStm6,1404167
TWStm6,1404944
TWStm6,1405673
TWStm6,1405892
TWStm6,1407155
TWStm6,1407267
TWStm6,1407414
TWStm6,1408860
TWStm6,1409336
TWStm6,1409544
TWStm6,1412629
TWStm6,1415718
TWStm6,1415740
TWStm6,1417850
TWStm6,1417998
TWStm6,1419064
TWStm6,1419203
TWStm6,1420059
TWStm6,1420200
TWStm6,1420295
TWStm6,1420894
TWStm6,1421209
TWStm6,1421304
TWStm6,1421644
TWStm6,1423383
TWStm6,1423965
TWStm6,1425298
TWStm6,1425501
TWStm6,1426026
TWStm6,1426221
TWStm6,1426896
TWStm6,1427547
TWStm6,1427558
TWStm6,1427560
TWStm6,1427664
TWStm6,1428117
TWStm6,1428318
TWStm6,1428649
TWStm6,1431032
TWStm6,1431519
TWStm6,1432800
TWStm6,1434084
TWStm6,1435187
TWStm6,1435687
TWStm6,1436895
TWStm6,1437304
TWStm6,1438953
TWStm6,1439684
TWStm6,1442254
TWStm6,1446335
TWStm6,1446791
TWStm6,1448306
TWStm6,1448902
TWStm6,1450473
TWStm6,1452504
TWStm6,1453378
TWStm6,1454173
TWStm6,1454179
TWStm6,1457544
TWStm6,1457904
TWStm6,1458228
TWStm6,1461082
TWStm6,1464418
TWStm6,1464520
TWStm6,1465047
TWStm6,1465318
TWStm6,1468440
TWStm6,1469417
TWStm6,1469883
TWStm6,1469914
TWStm6,1470068
TWStm6,1470812
TWStm6,1470861
TWStm6,1471839
TWStm6,1473165
TWStm6,1473544
TWStm6,1473645
TWStm6,1475683
TWStm6,1476887
TWStm6,1478139
TWStm6,1478693
TWStm6,1478819
TWStm6,1479149
TWStm6,1479524
TWStm6,1479743
TWStm6,1481133
TWStm6,1481935
TWStm6,1482481
TWStm6,1483361
TWStm6,1483449
TWStm6,1484302
TWStm6,1486618
TWStm6,1486783
TWStm6,1487215
TWStm6,1487553
TWStm6,1487750
TWStm6,1488412
TWStm6,1488504
TWStm6,1488706
TWStm6,1490830
TWStm6,1491351
TWStm6,1491915
TWStm6,1494331
TWStm6,1494401
TWStm6,1494533
TWStm6,1494621
TWStm6,1497701
TWStm6,1497911
TWStm6,1498141
TWStm6,1498583
TWStm6,1499574
TWStm6,1501741
TWStm6,1504912
TWStm6,1505828
TWStm6,1506717
TWStm6,1508068
TWStm6,1510004
TWStm6,1510332
TWStm6,1511039
TWStm6,1511202
TWStm6,1513830
TWStm6,1513873
TWStm6,1516361
TWStm6,1516433
TWStm6,1517632
TWStm6,1517654
TWStm6,1520548
TWStm6,1520929
TWStm6,1522663
TWStm6,1523649
TWStm6,1525266
TWStm6,1525322
TWStm6,1528294
TWStm6,1530131
TWStm6,1530222
TWStm6,1530311
TWStm6,1531368
TWStm6,1531411
TWStm6,1531942
TWStm6,1534186
TWStm6,1535178
TWStm6,1535350
TWStm6,1536927
TWStm6,1537167
TWStm6,1538380
TWStm6,1539532
TWStm6,1539587
TWStm6,1541059
TWStm6,1541709
TWStm6,1542232
TWStm6,1542342
TWStm6,1543185
TWStm6,1543231
TWStm6,1543519
TWStm6,1544252
TWStm6,1546597
TWStm6,1546720
TWStm6,1547084
TWStm6,1549473
TWStm6,1550225
TWStm6,1551546
TWStm6,1552562
TWStm6,1552796
TWStm6,1554220
TWStm6,1554825
TWStm6,1554899
TWStm6,1555073
TWStm6,1555605
TWStm6,1559373
TWStm6,1561508
TWStm6,1561984
TWStm6,1562560
TWStm6,1563293
TWStm6,1564003
TWStm6,1564142
TWStm6,1564277
TWStm6,1564344
TWStm6,1566122
TWStm6,1567018
TWStm6,1568015
TWStm6,1568017
TWStm6,1568023
TWStm6,1569673
TWStm6,1569959
TWStm6,1570070
TWStm6,1570445
TWStm6,1574755
TWStm6,1574905
TWStm6,1575077
TWStm6,1575443
TWStm6,1575763
TWStm6,1576366
TWStm6,1576737
TWStm6,1577064
TWStm6,1577243
TWStm6,1577786
TWStm6,1579085
TWStm6,1579654
TWStm6,1579803
TWStm6,1581415
TWStm6,1583397
TWStm6,1584376
TWStm6,1585053
TWStm6,1586168
TWStm6,1587419
TWStm6,1588816
TWStm6,1589441
TWStm6,1590454
TWStm6,1590958
TWStm6,1591131
TWStm6,1591282
TWStm6,1592779
TWStm6,1593129
TWStm6,1595333
TWStm6,1596443
TWStm6,1596577
TWStm6,1596667
TWStm6,1597703
TWStm6,1599062
TWStm6,1599557
TWStm6,1599648
TWStm6,1599714
TWStm6,1599715
TWStm6,1599745
TWStm6,1600382
TWStm6,1601195
TWStm6,1602185
TWStm6,1602265
TWStm6,1604245
TWStm6,1605450
TWStm6,1606259
TWStm6,1606315
TWStm6,1606373
TWStm6,1607941
TWStm6,1608935
TWStm6,1609795
TWStm6,1610995
TWStm6,1612087
TWStm6,1612822
TWStm6,1613957
TWStm6,1613966
TWStm6,1614668
TWStm6,1615917
TWStm6,1616215
TWStm6,1616999
TWStm6,1617028
TWStm6,1617156
TWStm6,1619468
TWStm6,1619530
TWStm6,1619660
TWStm6,1624996
TWStm6,1626671
TWStm6,1627164
TWStm6,1627417
TWStm6,1627614
TWStm6,1628140
TWStm6,1628326
TWStm6,1628582
TWStm6,1629123
TWStm6,1629595
TWStm6,1629670
TWStm6,1629893
TWStm6,1631151
TWStm6,1631418
TWStm6,1631520
TWStm6,1631589
TWStm6,1632741
TWStm6,1633939
TWStm6,1634122
TWStm6,1636352
TWStm6,1636510
TWStm6,1636935
TWStm6,1637373
TWStm6,1638469
TWStm6,1638787
TWStm6,1639705
TWStm6,1640950
TWStm6,1642604
TWStm6,1643013
TWStm6,1643407
TWStm6,1643430
TWStm6,1644389
TWStm6,1644461
TWStm6,1645095
TWStm6,1646002
TWStm6,1650402
TWStm6,1652016
TWStm6,1652837
TWStm6,1653125
TWStm6,1654105
TWStm6,1657617
TWStm6,1658534
TWStm6,1659281
TWStm6,1659529
TWStm6,1659787
TWStm6,1660338
TWStm6,1661514
TWStm6,1661909
TWStm6,1662711
TWStm6,1662800
TWStm6,1662830
TWStm6,1663172
TWStm6,1664881
TWStm6,1667089
TWStm6,1667821
TWStm6,1671383
TWStm6,1671515
TWStm6,1672213
TWStm6,1672526
TWStm6,1673348
TWStm6,1674939
TWStm6,1675140
TWStm6,1675542
TWStm6,1675676
TWStm6,1675830
TWStm6,1676822
TWStm6,1678845
TWStm6,1678957
TWStm6,1681321
TWStm6,1681645
TWStm6,1681864
TWStm6,1681981
TWStm6,1682925
TWStm6,1682941
TWStm6,1683177
TWStm6,1683662
TWStm6,1683824
TWStm6,1684432
TWStm6,1684872
TWStm6,1685984
TWStm6,1686605
TWStm6,1687114
TWStm6,1688522
TWStm6,1688669
TWStm6,1689894
TWStm6,1690249
TWStm6,1691016
TWStm6,1691328
TWStm6,1693052
TWStm6,1693059
TWStm6,1693177
TWStm6,1693420
TWStm6,1693733
TWStm6,1696286
TWStm6,1696298
TWStm6,1698633
TWStm6,1698671
TWStm6,1699516
TWStm6,1699549
TWStm6,1700103
TWStm6,1703524
TWStm6,1703634
TWStm6,1704991
TWStm6,1705375
TWStm6,1706452
TWStm6,1706501
TWStm6,1707270
TWStm6,1708321
TWStm6,1708375
TWStm6,1708875
TWStm6,1709156
TWStm6,1709840
TWStm6,1711062
TWStm6,1711673
TWStm6,1711750
TWStm6,1712367
TWStm6,1713060
TWStm6,1714223
TWStm6,1715276
TWStm6,1715328
TWStm6,1716957
TWStm6,1717030
TWStm6,1717284
TWStm6,1718635
TWStm6,1721405
TWStm6,1722243
TWStm6,1724467
TWStm6,1724474
TWStm6,1724831
TWStm6,1725580
TWStm6,1728528
TWStm6,1728802
TWStm6,1730285
TWStm6,1730503
TWStm6,1730772
TWStm6,1731115
TWStm6,1731773
TWStm6,1732684
TWStm6,1733846
TWStm6,1734248
TWStm6,1734399
TWStm6,1734697
TWStm6,1734936
TWStm6,1735229
TWStm6,1735235
TWStm6,1735882
TWStm6,1736591
TWStm6,1736985
TWStm6,1737814
TWStm6,1738291
TWStm6,1739423
TWStm6,1739720
TWStm6,1740302
TWStm6,1740586
TWStm6,1741424
TWStm6,1741425
TWStm6,1741447
TWStm6,1743491
TWStm6,1746383
TWStm6,1748074
TWStm6,1748255
TWStm6,1749513
TWStm6,1750955
TWStm6,1751214
TWStm6,1751425
TWStm6,1751550
TWStm6,1751661
TWStm6,1752944
TWStm6,1752981
TWStm6,1753245
TWStm6,1754260
TWStm6,1755485
TWStm6,1755648
TWStm6,1755827
TWStm6,1756294
TWStm6,1757143
TWStm6,1759592
TWStm6,1759672
TWStm6,1759799
TWStm6,1760247
TWStm6,1762113
TWStm6,1762284
TWStm6,1763781
TWStm6,1764047
TWStm6,1764791
TWStm6,1765827
TWStm6,1766269
TWStm6,1767758
TWStm6,1767826
TWStm6,1767997
TWStm6,1768388
TWStm6,1769394
TWStm6,1769759
TWStm6,1770943
TWStm6,1771497
TWStm6,1772123
TWStm6,1772838
TWStm6,1773089
TWStm6,1774081
TWStm6,1774279
TWStm6,1774295
TWStm6,1775153
TWStm6,1775604
TWStm6,1775934
TWStm6,1776793
TWStm6,1777151
TWStm6,1777997
TWStm6,1779270
TWStm6,1780314
TWStm6,1781197
TWStm6,1783425
TWStm6,1783644
TWStm6,1783927
TWStm6,1784464
TWStm6,1784684
TWStm6,1785500
TWStm6,1786864
TWStm6,1790200
TWStm6,1794389
TWStm6,1795671
TWStm6,1795702
TWStm6,1795766
TWStm6,1796260
TWStm6,1797470
TWStm6,1797939
TWStm6,1800983
TWStm6,1804997
TWStm6,1805587
TWStm6,1806125
TWStm6,1806594
TWStm6,1806864
TWStm6,1807021
TWStm6,1807852
TWStm6,1809021
TWStm6,1809376
TWStm6,1809551
TWStm6,1809681
TWStm6,1811036
TWStm6,1812378
TWStm6,1813867
TWStm6,1814249
TWStm6,1815795
TWStm6,1816224
TWStm6,1816525
TWStm6,1816867
TWStm6,1816959
TWStm6,1818160
TWStm6,1820204
TWStm6,1821833
TWStm6,1822138
TWStm6,1823468
TWStm6,1828859
TWStm6,1829656
TWStm6,1830992
TWStm6,1831780
TWStm6,1832050
TWStm6,1832340
TWStm6,1832746
TWStm6,1833458
TWStm6,1833542
TWStm6,1834210
TWStm6,1835794
TWStm6,1836089
TWStm6,1836234
TWStm6,1836932
TWStm6,1837383
TWStm6,1837930
TWStm6,1838804
TWStm6,1840234
TWStm6,1841409
TWStm6,1841894
TWStm6,1842300
TWStm6,1843558
TWStm6,1843922
TWStm6,1845957
TWStm6,1850343
TWStm6,1850753
TWStm6,1854296
TWStm6,1854423
TWStm6,1855634
TWStm6,1855683
TWStm6,1856241
TWStm6,1857076
TWStm6,1857227
TWStm6,1860627
TWStm6,1861525
TWStm6,1865702
TWStm6,1866496
TWStm6,1866723
TWStm6,1866863
TWStm6,1867525
TWStm6,1867783
TWStm6,1868598
TWStm6,1871500
TWStm6,1871593
TWStm6,1871639
TWStm6,1871810
TWStm6,1874980
TWStm6,1875561
TWStm6,1878371
TWStm6,1880060
TWStm6,1880890
TWStm6,1881410
TWStm6,1881425
TWStm6,1883894
TWStm6,1885438
TWStm6,1885892
TWStm6,1888560
TWStm6,1889368
TWStm6,1889618
TWStm6,1890006
TWStm6,1891252
TWStm6,1891330
TWStm6,1891864
TWStm6,1891899
TWStm6,1892268
TWStm6,1892324
TWStm6,1892447
TWStm6,1896403
TWStm6,1896776
TWStm6,1897728
TWStm6,1901899
TWStm6,1902143
TWStm6,1902234
TWStm6,1902416
TWStm6,1902554
TWStm6,1903186
TWStm6,1904678
TWStm6,1905032
TWStm6,1905596
TWStm6,1905626
TWStm6,1905647
TWStm6,1905653
TWStm6,1905695
TWStm6,1905877
TWStm6,1905994
TWStm6,1906267
TWStm6,1907019
TWStm6,1907045
TWStm6,1907670
TWStm6,1908231
TWStm6,1910241
TWStm6,1910515
TWStm6,1911221
TWStm6,1911832
TWStm6,1911950
TWStm6,1912932
TWStm6,1914183
TWStm6,1914690
TWStm6,1915940
TWStm6,1916198
TWStm6,1916406
TWStm6,1916409
TWStm6,1918317
TWStm6,1919098
TWStm6,1920141
TWStm6,1920365
TWStm6,1920827
TWStm6,1922116
TWStm6,1922288
TWStm6,1923447
TWStm6,1923713
TWStm6,1923850
TWStm6,1924277
TWStm6,1941833
TWStm6,1942460
TWStm6,1943440
TWStm6,1943791
TWStm6,1944102
TWStm6,1945137
TWStm6,1945612
TWStm6,1946804
TWStm6,1947187
TWStm6,1948484
TWStm6,1949467
TWStm6,1949532
TWStm6,1951016
TWStm6,1951217
TWStm6,1951762
TWStm6,1951898
TWStm6,1955009
TWStm6,1956196
TWStm6,1957113
TWStm6,1957950
TWStm6,1958851
TWStm6,1960873
TWStm6,1961285
TWStm6,1961899
TWStm6,1962796
TWStm6,1968473
TWStm6,1970299
TWStm6,1972565
TWStm6,1975343
TWStm6,1976175
TWStm6,1976311
TWStm6,1976756
TWStm6,1977099
TWStm6,1978831
TWStm6,1982910
TWStm6,1983408
TWStm6,1984346
TWStm6,1984950
TWStm6,1985102
TWStm6,1985951
TWStm6,1991064
TWStm6,1992323
TWStm6,1993296
TWStm6,1994299
TWStm6,1994516
TWStm6,1994708
TWStm6,1995024
TWStm6,1995151
TWStm6,1996178
TWStm6,1997083
TWStm6,1997254
TWStm6,1997490
TWStm6,1999202
TWStm6,2000131
TWStm6,2000374
TWStm6,2000946
TWStm6,2002422
TWStm6,2003288
TWStm6,2004056
TWStm6,2005365
TWStm6,2005366
TWStm6,2005653
TWStm6,2007788
TWStm6,2008345
TWStm6,2008786
TWStm6,2009585
TWStm6,2010783
TWStm6,2010845
TWStm6,2011465
TWStm6,2013217
TWStm6,2013443
TWStm6,2013989
TWStm6,2014726
TWStm6,2014737
TWStm6,2017263
TWStm6,2017625
TWStm6,2017948
TWStm6,2018288
TWStm6,2018432
TWStm6,2018480
TWStm6,2018624
TWStm6,2018686
TWStm6,2018985
TWStm6,2019527
TWStm6,2019873
TWStm6,2020626
TWStm6,2021739
TWStm6,2022452
TWStm6,2022677
TWStm6,2023767
TWStm6,2025456
TWStm6,2026128
TWStm6,2026435
TWStm6,2026535
TWStm6,2027643
TWStm6,2028632
TWStm6,2029727
TWStm6,2030661
TWStm6,2031247
TWStm6,2033437
TWStm6,2034015
TWStm6,2034996
TWStm6,2035186
TWStm6,2037102
TWStm6,2038412
TWStm6,2039944
TWStm6,2041519
TWStm6,2041816
TWStm6,2042486
TWStm6,2043603
TWStm6,2043696
TWStm6,2046137
TWStm6,2046729
TWStm6,2047148
TWStm6,2047617
TWStm6,2047902
TWStm6,2048854
TWStm6,2105038
TWStm6,2106204
TWStm6,2106222
TWStm6,2106227
TWStm6,2106228
TWStm6,2106230
TWStm6,2106297
TWStm6,2107652
TWStm6,2107987
TWStm6,2109653
TWStm6,2110212
TWStm6,2110858
TWStm6,2113271
TWStm6,2113432
TWStm6,2114556
TWStm6,2115483
TWStm6,2116572
TWStm6,2117191
TWStm6,2118646
TWStm6,2119618
TWStm6,2119668
TWStm6,2120564
TWStm6,2124488
TWStm6,2125981
TWStm6,2126998
TWStm6,2128765
TWStm6,2128784
TWStm6,2129650
TWStm6,2129775
TWStm6,2130679
TWStm6,2132461
TWStm6,2133188
TWStm6,2133637
TWStm6,2135632
TWStm6,2136160
TWStm6,2138996
TWStm6,2139324
TWStm6,2141126
TWStm6,2147925
TWStm6,2148965
TWStm6,2149907
TWStm6,2150406
TWStm6,2151797
TWStm6,2152919
TWStm6,2154302
TWStm6,2155505
TWStm6,2156815
TWStm6,2158837
TWStm6,2161085
TWStm6,2164272
TWStm6,2164334
TWStm6,2164454
TWStm6,2164909
TWStm6,2165174
TWStm6,2166048
TWStm6,2166470
TWStm6,2167095
TWStm6,2167106
TWStm6,2167309
TWStm6,2167557
TWStm6,2167606
TWStm6,2167831
TWStm6,2169662
TWStm6,2169758
TWStm6,2171840
TWStm6,2172558
TWStm6,2172837
TWStm6,2174054
TWStm6,2174373
TWStm6,2174504
TWStm6,2175486
TWStm6,2175606
TWStm6,2175771
TWStm6,2176334
TWStm6,2180915
TWStm6,2183038
TWStm6,2188185
TWStm6,2188219
TWStm6,2190066
TWStm6,2190928
TWStm6,2192507
TWStm6,2192841
TWStm6,2193060
TWStm6,2194357
TWStm6,2195010
TWStm6,2195614
TWStm6,2195667
TWStm6,2196656
TWStm6,2197804
TWStm6,2197964
TWStm6,2197985
TWStm6,2198431
TWStm6,2199170
TWStm6,2201644
TWStm6,2203926
TWStm6,2204422
TWStm6,2205448
TWStm6,2205734
TWStm6,2206030
TWStm6,2206128
TWStm6,2207183
TWStm6,2207795
TWStm6,2208602
TWStm6,2208645
TWStm6,2209140
TWStm6,2209490
TWStm6,2213121
TWStm6,2216061
TWStm6,2216178
TWStm6,2222074
TWStm6,2222301
TWStm6,2224345
TWStm6,2224532
TWStm6,2225930
TWStm6,2226871
TWStm6,2227512
TWStm6,2227717
TWStm6,2228133
TWStm6,2228634
TWStm6,2231260
TWStm6,2231326
TWStm6,2232947
TWStm6,2235782
TWStm6,2237297
TWStm6,2238559
TWStm6,2238880
TWStm6,2242956
TWStm6,2243077
TWStm6,2243260
TWStm6,2245675
TWStm6,2246080
TWStm6,2246354
TWStm6,2247008
TWStm6,2248933
TWStm6,2249151
TWStm6,2250118
TWStm6,2250537
TWStm6,2251546
TWStm6,2251994
TWStm6,2252698
TWStm6,2255607
TWStm6,2256023
TWStm6,2256350
TWStm6,2256891
TWStm6,2257161
TWStm6,2258384
TWStm6,2259547
TWStm6,2259637
TWStm6,2260715
TWStm6,2261300
TWStm6,2262542
TWStm6,2262713
TWStm6,2265965
TWStm6,2267578
TWStm6,2268429
TWStm6,2269506
TWStm6,2270246
TWStm6,2272337
TWStm6,2273667
TWStm6,2273980
TWStm6,2275078
TWStm6,2275190
TWStm6,2275671
TWStm6,2275877
TWStm6,2277416
TWStm6,2277860
TWStm6,2281505
TWStm6,2283052
TWStm6,2285930
TWStm6,2286241
TWStm6,2287939
TWStm6,2289243
TWStm6,2292383
TWStm6,2292574
TWStm6,2294109
TWStm6,2295810
TWStm6,2297001
TWStm6,2297801
TWStm6,2297968
TWStm6,2298197
TWStm6,2299604
TWStm6,2304709
TWStm6,2305099
TWStm6,2306688
TWStm6,2307337
TWStm6,2308605
TWStm6,2308845
TWStm6,2312906
TWStm6,2313028
TWStm6,2315967
TWStm6,2317662
TWStm6,2317682
TWStm6,2318420
TWStm6,2320032
TWStm6,2320083
TWStm6,2320699
TWStm6,2322265
TWStm6,2323271
TWStm6,2323349
TWStm6,2324563
TWStm6,2324609
TWStm6,2326449
TWStm6,2326799
TWStm6,2327134
TWStm6,2327431
TWStm6,2327677
TWStm6,2330502
TWStm6,2332253
TWStm6,2337293
TWStm6,2338251
TWStm6,2339639
TWStm6,2340236
TWStm6,2342046
TWStm6,2342191
TWStm6,2342676
TWStm6,2343130
TWStm6,2343356
TWStm6,2343525
TWStm6,2344118
TWStm6,2345120
TWStm6,2345121
TWStm6,2346201
TWStm6,2346446
TWStm6,2346847
TWStm6,2347427
TWStm6,2347709
TWStm6,2347776
TWStm6,2349926
TWStm6,2350131
TWStm6,2350178
TWStm6,2350365
TWStm6,2351412
TWStm6,2351921
TWStm6,2352542
TWStm6,2352552
TWStm6,2352554
TWStm6,2353986
TWStm6,2354041
TWStm6,2354146
TWStm6,2354301
TWStm6,2354745
TWStm6,2355813
TWStm6,2357678
TWStm6,2363606
TWStm6,2365092
TWStm6,2366163
TWStm6,2367270
TWStm6,2369677
TWStm6,2369912
TWStm6,2370452
TWStm6,2370500
TWStm6,2371772
TWStm6,2374549
TWStm6,2375066
TWStm6,2375632
TWStm6,2376289
TWStm6,2376573
TWStm6,2376748
TWStm6,2376773
TWStm6,2376846
TWStm6,2376977
TWStm6,2377090
TWStm6,2377300
TWStm6,2378596
TWStm6,2379133
TWStm6,2379810
TWStm6,2380581
TWStm6,2381737
TWStm6,2381787
TWStm6,2382768
TWStm6,2383117
TWStm6,2383658
TWStm6,2383771
TWStm6,2384326
TWStm6,2385807
TWStm6,2386106
TWStm6,2386107
TWStm6,2386118
TWStm6,2387623
TWStm6,2388104
TWStm6,2388393
TWStm6,2388468
TWStm6,2392538
TWStm6,2393014
TWStm6,2395001
TWStm6,2395310
TWStm6,2397184
TWStm6,2397586
TWStm6,2398328
TWStm6,2399159
TWStm6,2399380
TWStm6,2399427
TWStm6,2399909
TWStm6,2400134
TWStm6,2400159
TWStm6,2400180
TWStm6,2402580
TWStm6,2409407
TWStm6,2410110
TWStm6,2412540
TWStm6,2414786
TWStm6,2415142
TWStm6,2416626
TWStm6,2416870
TWStm6,2416926
TWStm6,2417176
TWStm6,2417522
TWStm6,2418064
TWStm6,2418250
TWStm6,2419133
TWStm6,2419233
TWStm6,2421375
TWStm6,2422312
TWStm6,2424671
TWStm6,2425636
TWStm6,2430004
TWStm6,2431539
TWStm6,2432161
TWStm6,2438087
TWStm6,2438229
TWStm6,2438587
TWStm6,2438643
TWStm6,2438889
TWStm6,2439916
TWStm6,2442990
TWStm6,2444112
TWStm6,2444964
TWStm6,2445305
TWStm6,2448278
TWStm6,2448771
TWStm6,2449657
TWStm6,2449702
TWStm6,2449967
TWStm6,2449980
TWStm6,2451210
TWStm6,2452138
TWStm6,2453091
TWStm6,2453605
TWStm6,2454218
TWStm6,2454532
TWStm6,2456217
TWStm6,2456282
TWStm6,2457674
TWStm6,2458082
TWStm6,2458827
TWStm6,2458937
TWStm6,2459227
TWStm6,2460365
TWStm6,2460577
TWStm6,2460645
TWStm6,2460909
TWStm6,2462409
TWStm6,2463608
TWStm6,2464851
TWStm6,2467930
TWStm6,2468086
TWStm6,2469978
TWStm6,2470767
TWStm6,2471298
TWStm6,2471789
TWStm6,2471946
TWStm6,2473400
TWStm6,2475363
TWStm6,2476013
TWStm6,2476084
TWStm6,2477995
TWStm6,2478830
TWStm6,2480201
TWStm6,2481459
TWStm6,2481526
TWStm6,2482373
TWStm6,2483637
TWStm6,2484957
TWStm6,2487424
TWStm6,2487750
TWStm6,2488350
TWStm6,2490383
TWStm6,2490721
TWStm6,2492218
TWStm6,2492547
TWStm6,2493164
TWStm6,2502739
TWStm6,2503411
TWStm6,2504346
TWStm6,2504970
TWStm6,2506010
TWStm6,2506211
TWStm6,2506374
TWStm6,2506436
TWStm6,2507962
TWStm6,2508511
TWStm6,2508520
TWStm6,2508578
TWStm6,2508779
TWStm6,2508794
TWStm6,2510709
TWStm6,2511196
TWStm6,2511546
TWStm6,2511884
TWStm6,2512339
TWStm6,2512935
TWStm6,2512973
TWStm6,2514027
TWStm6,2516783
TWStm6,2517252
TWStm6,2519945
TWStm6,2521067
TWStm6,2521466
TWStm6,2522024
TWStm6,2522731
TWStm6,2522917
TWStm6,2523315
TWStm6,2523359
TWStm6,2524498
TWStm6,2524557
TWStm6,2525359
TWStm6,2528326
TWStm6,2528495
TWStm6,2529573
TWStm6,2529987
TWStm6,2530009
TWStm6,2532936
TWStm6,2533302
TWStm6,2536460
TWStm6,2538864
TWStm6,2539471
TWStm6,2539575
TWStm6,2539631
TWStm6,2539729
TWStm6,2542732
TWStm6,2542747
TWStm6,2542822
TWStm6,2544205
TWStm6,2545201
TWStm6,2545894
TWStm6,2545967
TWStm6,2548007
TWStm6,2548042
TWStm6,2548217
TWStm6,2548880
TWStm6,2549290
TWStm6,2549627
TWStm6,2550769
TWStm6,2552425
TWStm6,2552483
TWStm6,2552795
TWStm6,2553874
TWStm6,2555027
TWStm6,2556821
TWStm6,2557600
TWStm6,2557957
TWStm6,2563841
TWStm6,2564343
TWStm6,2565470
TWStm6,2565758
TWStm6,2566902
TWStm6,2567401
TWStm6,2567496
TWStm6,2568029
TWStm6,2568146
TWStm6,2568871
TWStm6,2568929
TWStm6,2569145
TWStm6,2571588
TWStm6,2572346
TWStm6,2573767
TWStm6,2574056
TWStm6,2574968
TWStm6,2578969
TWStm6,2581366
TWStm6,2581574
TWStm6,2583133
TWStm6,2585048
TWStm6,2585092
TWStm6,2586327
TWStm6,2588963
TWStm6,2589153
TWStm6,2589883
TWStm6,2589921
TWStm6,2590323
TWStm6,2591140
TWStm6,2591508
TWStm6,2591577
TWStm6,2591689
TWStm6,2592038
TWStm6,2594742
TWStm6,2595950
TWStm6,2596038
TWStm6,2596380
TWStm6,2596577
TWStm6,2598498
TWStm6,2599196
TWStm6,2600809
TWStm6,2601431
TWStm6,2602523
TWStm6,2602910
TWStm6,2603599
TWStm6,2605067
TWStm6,2607346
TWStm6,2607866
TWStm6,2610080
TWStm6,2614646
TWStm6,2615383
TWStm6,2615941
TWStm6,2619136
TWStm6,2619183
TWStm6,2619700
TWStm6,2620153
TWStm6,2621081
TWStm6,2623598
TWStm6,2625439
TWStm6,2627527
TWStm6,2629163
TWStm6,2629261
TWStm6,2631156
TWStm6,2633835
TWStm6,2634206
TWStm6,2634838
TWStm6,2635090
TWStm6,2636348
TWStm6,2640260
TWStm6,2640847
TWStm6,2641408
TWStm6,2641465
TWStm6,2642537
TWStm6,2643307
TWStm6,2643517
TWStm6,2643703
TWStm6,2644911
TWStm6,2645298
TWStm6,2646285
TWStm6,2648665
TWStm6,2649281
TWStm6,2650528
TWStm6,2652248
TWStm6,2653584
TWStm6,2654904
TWStm6,2655127
TWStm6,2655406
TWStm6,2655637
TWStm6,2656572
TWStm6,2657046
TWStm6,2657373
TWStm6,2657458
TWStm6,2658049
TWStm6,2658905
TWStm6,2661501
TWStm6,2662648
TWStm6,2664298
TWStm6,2664416
TWStm6,2666459
TWStm6,2666724
TWStm6,2667717
TWStm6,2669394
TWStm6,2669505
TWStm6,2669718
TWStm6,2669822
TWStm6,2671722
TWStm6,2673415
TWStm6,2673568
TWStm6,2674560
TWStm6,2674957
TWStm6,2676906
TWStm6,2677749
TWStm6,2678830
TWStm6,2678926
TWStm6,2681411
TWStm6,2681523
TWStm6,2682190
TWStm6,2682309
TWStm6,2682547
TWStm6,2682878
TWStm6,2684212
TWStm6,2685100
TWStm6,2685408
TWStm6,2687889
TWStm6,2688442
TWStm6,2689837
TWStm6,2689859
TWStm6,2689927
TWStm6,2690783
TWStm6,2692728
TWStm6,2694282
TWStm6,2694522
TWStm6,2694543
TWStm6,2695262
TWStm6,2695807
TWStm6,2696612
TWStm6,2698615
TWStm6,2698616
TWStm6,2699537
TWStm6,2700077
TWStm6,2702411
TWStm6,2702610
TWStm6,2702693
TWStm6,2703769
TWStm6,2704652
TWStm6,2708024
TWStm6,2708080
TWStm6,2708356
TWStm6,2708357
TWStm6,2708887
TWStm6,2709147
TWStm6,2710946
TWStm6,2714024
TWStm6,2714471
TWStm6,2714927
TWStm6,2715737
TWStm6,2716193
TWStm6,2718751
TWStm6,2719039
TWStm6,2719348
TWStm6,2721165
TWStm6,2721884
TWStm6,2722808
TWStm6,2725970
TWStm6,2726219
TWStm6,2789809
TWStm6,2791495
TWStm6,2792005
TWStm6,2792646
TWStm6,2795021
TWStm6,2796035
TWStm6,2798125
TWStm6,2798489
TWStm6,2798850
TWStm6,2800647
TWStm6,2800862
TWStm6,2801203
TWStm6,2805784
TWStm6,2806545
TWStm6,2810156
TWStm6,2810401
TWStm6,2810750
TWStm6,2810842
TWStm6,2811010
TWStm6,2811266
TWStm6,2811409
TWStm6,2813948
TWStm6,2817589
TWStm6,2817648
TWStm6,2818982
TWStm6,2819188
TWStm6,2820357
TWStm6,2822254
TWStm6,2822895
TWStm6,2824290
TWStm6,2824309
TWStm6,2824495
TWStm6,2825543
TWStm6,2826530
TWStm6,2827145
TWStm6,2857637
TWStm6,2857650
TWStm6,2857777
TWStm6,2857848
TWStm6,2858002
TWStm6,2858264
TWStm6,2858401
TWStm6,2859589
TWStm6,2860223
TWStm6,2861820
TWStm6,2861975
TWStm6,2862512
TWStm6,2863761
TWStm6,2863773
TWStm6,2865736
TWStm6,2866120
TWStm6,2866619
TWStm6,2866652
TWStm6,2866804
TWStm6,2867300
TWStm6,2867742
TWStm6,2868070
TWStm6,2868325
TWStm6,2868344
TWStm6,2869311
TWStm6,2869466
TWStm6,2870125
TWStm6,2870176
TWStm6,2870267
TWStm6,2870348
TWStm6,2870582
TWStm6,2871822
TWStm6,2871912
TWStm6,2872363
TWStm6,2874834
TWStm6,2875645
TWStm6,2876031
TWStm6,2876410
TWStm6,2877822
TWStm6,2893801
TWStm6,2893803
TWStm6,2893883
TWStm6,2895847
TWStm6,2896009
TWStm6,2897312
TWStm6,2898143
TWStm6,2898384
TWStm6,2900963
TWStm6,2901343
TWStm6,2901388
TWStm6,2902491
TWStm6,2902817
TWStm6,2902904
TWStm6,2903810
TWStm6,2904381
TWStm6,2904986
TWStm6,2905745
TWStm6,2906506
TWStm6,2906668
TWStm6,2906684
TWStm6,2906848
TWStm6,2907346
TWStm6,2907811
TWStm6,2909258
TWStm6,2909488
TWStm6,2910320
TWStm6,2912683
TWStm6,2915121
TWStm6,2915354
TWStm6,2915975
TWStm6,2916164
TWStm6,2917195
TWStm6,2918443
TWStm6,2919210
TWStm6,2920520
TWStm6,2920812
TWStm6,2922459
TWStm6,2922650
TWStm6,2922971
TWStm6,2923058
TWStm6,2924446
TWStm6,2925784
TWStm6,2926184
TWStm6,2926634
TWStm6,2928464
TWStm6,2928696
TWStm6,2930342
TWStm6,2931247
TWStm6,2934043
TWStm6,2935483
TWStm6,2937193
TWStm6,2938214
TWStm6,2938532
TWStm6,2938810
TWStm6,2938878
TWStm6,2939169
TWStm6,2940721
TWStm6,2940877
TWStm6,2941494
TWStm6,2942445
TWStm6,2943609
TWStm6,2945487
TWStm6,2945925
TWStm6,2947416
TWStm6,2947568
TWStm6,2947721
TWStm6,2948020
TWStm6,2949537
TWStm6,2950590
TWStm6,2951433
TWStm6,2951448
TWStm6,2951837
TWStm6,2953002
TWStm6,2953863
TWStm6,2954749
TWStm6,2959822
TWStm6,2960542
TWStm6,2960819
TWStm6,2967541
TWStm6,2968037
TWStm6,2975671
TWStm6,2976847
TWStm6,2978520
TWStm6,2979790
TWStm6,2980686
TWStm6,2981268
TWStm6,2981862
TWStm6,2982065
TWStm6,2982233
TWStm6,2983401
TWStm6,2984181
TWStm6,2984999
TWStm6,2985173
TWStm6,2986064
TWStm6,2986087
TWStm6,2986439
TWStm6,2986466
TWStm6,2986646
TWStm6,2987486
TWStm6,2987487
TWStm6,2988197
TWStm6,2989582
TWStm6,2991028
TWStm6,2991386
TWStm6,2991398
TWStm6,2993571
TWStm6,2994192
TWStm6,2994921
TWStm6,2997557
TWStm6,2999360
TWStm6,2999844
TWStm6,2999874
TWStm6,3000762
TWStm6,3002513
TWStm6,3002525
TWStm6,3002593
TWStm6,3003185
TWStm6,3003197
TWStm6,3003230
TWStm6,3003266
TWStm6,3003462
TWStm6,3005802
TWStm6,3007003
TWStm6,3009009
TWStm6,3009348
TWStm6,3011258
TWStm6,3014685
TWStm6,3015704
TWStm6,3016353
TWStm6,3017847
TWStm6,3020020
TWStm6,3021991
TWStm6,3024296
TWStm6,3026765
TWStm6,3026871
TWStm6,3028001
TWStm6,3029784
TWStm6,3029818
TWStm6,3030670
TWStm6,3032964
TWStm6,3033366
TWStm6,3034561
TWStm6,3035660
TWStm6,3035831
TWStm6,3036006
TWStm6,3037197
TWStm6,3037946
TWStm6,3038121
TWStm6,3038142
TWStm6,3039394
TWStm6,3041666
TWStm6,3042875
TWStm6,3044283
TWStm6,3044315
TWStm6,3044679
TWStm6,3045343
TWStm6,3046233
TWStm6,3046238
TWStm6,3046825
TWStm6,3049186
TWStm6,3049290
TWStm6,3049624
TWStm6,3049751
TWStm6,3049901
TWStm6,3049902
TWStm6,3050549
TWStm6,3051412
TWStm6,3051868
TWStm6,3052804
TWStm6,3053475
TWStm6,3053512
TWStm6,3054678
TWStm6,3055759
TWStm6,3055966
TWStm6,3056022
TWStm6,3056286
TWStm6,3056400
TWStm6,3056473
TWStm6,3056539
TWStm6,3056544
TWStm6,3056652
TWStm6,3056788
TWStm6,3056817
TWStm6,3056827
TWStm6,3057426
TWStm6,3058192
TWStm6,3059083
TWStm6,3059536
TWStm6,3060427
TWStm6,3063748
TWStm6,3063764
TWStm6,3066398
TWStm6,3066527
TWStm6,3067838
TWStm6,3067841
TWStm6,3067980
TWStm6,3068230
TWStm6,3068235
TWStm6,3068299
TWStm6,3068387
TWStm6,3068602
TWStm6,3068724
TWStm6,3068838
TWStm6,3068846
TWStm6,3068880
TWStm6,3069359
TWStm6,3070305
TWStm6,3070749
TWStm6,3072646
TWStm6,3074094
TWStm6,3074450
TWStm6,3076086
TWStm6,3077336
TWStm6,3078607
TWStm6,3078800
TWStm6,3080424
TWStm6,3082401
TWStm6,3083354
TWStm6,3083824
TWStm6,3084222
TWStm6,3084518
TWStm6,3084685
TWStm6,3084967
TWStm6,3085207
TWStm6,3085653
TWStm6,3085654
TWStm6,3085707
TWStm6,3085750
TWStm6,3085951
TWStm6,3086419
TWStm6,3088210
TWStm6,3088495
TWStm6,3091524
TWStm6,3092354
TWStm6,3092650
TWStm6,3095992
TWStm6,3096091
TWStm6,3096286
TWStm6,3097032
TWStm6,3097061
TWStm6,3097161
TWStm6,3097475
TWStm6,3098455
TWStm6,3098668
TWStm6,3099216
TWStm6,3100322
TWStm6,3100817
TWStm6,3101427
TWStm6,3101906
TWStm6,3105353
TWStm6,3107042
TWStm6,3107841
TWStm6,3108792
TWStm6,3110543
TWStm6,3111969
TWStm6,3112867
TWStm6,3112877
TWStm6,3113992
TWStm6,3114284
TWStm6,3114365
TWStm6,3115503
TWStm6,3115638
TWStm6,3116087
TWStm6,3116521
TWStm6,3118384
TWStm6,3118543
TWStm6,3119092
TWStm6,3119533
TWStm6,3124425
TWStm6,3124913
TWStm6,3125611
TWStm6,3125851
TWStm6,3126079
TWStm6,3128274
TWStm6,3131278
TWStm6,3132838
TWStm6,3132849
TWStm6,3133981
TWStm6,3134794
TWStm6,3138731
TWStm6,3138810
TWStm6,3141154
TWStm6,3142892
TWStm6,3143750
TWStm6,3147093
TWStm6,3148324
TWStm6,3148527
TWStm6,3150043
TWStm6,3150256
TWStm6,3150977
TWStm6,3153064
TWStm6,3154786
TWStm6,3155832
TWStm6,3158772
TWStm6,3159386
TWStm6,3159827
TWStm6,3160822
TWStm6,3162303
TWStm6,3163667
TWStm6,3164735
TWStm6,3165732
TWStm6,3167074
TWStm6,3169285
TWStm6,3171255
TWStm6,3171423
TWStm6,3174128
TWStm6,3177651
TWStm6,3178114
TWStm6,3178924
TWStm6,3179301
TWStm6,3181152
TWStm6,3181174
TWStm6,3181955
TWStm6,3182146
TWStm6,3182265
TWStm6,3182310
TWStm6,3182640
TWStm6,3182764
TWStm6,3183811
TWStm6,3184024
TWStm6,3184308
TWStm6,3184412
TWStm6,3185337
TWStm6,3185823
TWStm6,3186740
TWStm6,3186788
TWStm6,3187049
TWStm6,3187515
TWStm6,3190088
TWStm6,3190550
TWStm6,3191207
TWStm6,3193262
TWStm6,3194333
TWStm6,3194743
TWStm6,3195356
TWStm6,3196284
TWStm6,3197706
TWStm6,3200957
TWStm6,3201099
TWStm6,3201560
TWStm6,3201867
TWStm6,3201895
TWStm6,3203667
TWStm6,3205897
TWStm6,3211250
TWStm6,3211386
TWStm6,3211709
TWStm6,3214047
TWStm6,3214249
TWStm6,3216239
TWStm6,3216540
TWStm6,3217070
TWStm6,3217347
TWStm6,3217501
TWStm6,3218366
TWStm6,3218466
TWStm6,3219223
TWStm6,3219245
TWStm6,3219301
TWStm6,3219522
TWStm6,3219595
TWStm6,3220414
TWStm6,3222738
TWStm6,3222813
TWStm6,3227850
TWStm6,3230580
TWStm6,3230694
TWStm6,3232370
TWStm6,3233110
TWStm6,3233173
TWStm6,3233757
TWStm6,3234226
TWStm6,3234914
TWStm6,3235232
TWStm6,3235587
TWStm6,3238328
TWStm6,3239007
TWStm6,3239505
TWStm6,3240287
TWStm6,3241100
TWStm6,3242146
TWStm6,3242356
TWStm6,3242526
TWStm6,3243566
TWStm6,3244934
TWStm6,3245314
TWStm6,3245936
TWStm6,3245975
TWStm6,3247057
TWStm6,3247373
TWStm6,3248815
TWStm6,3249524
TWStm6,3252723
TWStm6,3253613
TWStm6,3253685
TWStm6,3253763
TWStm6,3255863
TWStm6,3256333
TWStm6,3256649
TWStm6,3257701
TWStm6,3258656
TWStm6,3259242
TWStm6,3259887
TWStm6,3260570
TWStm6,3260821
TWStm6,3261325
TWStm6,3263571
TWStm6,3263898
TWStm6,3264056
TWStm6,3264368
TWStm6,3265278
TWStm6,3265491
TWStm6,3265580
TWStm6,3266557
TWStm6,3266758
TWStm6,3268979
TWStm6,3269541
TWStm6,3273286
TWStm6,3274530
TWStm6,3275821
TWStm6,3276143
TWStm6,3276779
TWStm6,3278105
TWStm6,3279746
TWStm6,3281189
TWStm6,3281571
TWStm6,3281724
TWStm6,3283315
TWStm6,3286260
TWStm6,3287327
TWStm6,3288900
TWStm6,3289185
TWStm6,3289824
TWStm6,3290018
TWStm6,3290409
TWStm6,3290997
TWStm6,3294996
TWStm6,3296429
TWStm6,3297629
TWStm6,3298012
TWStm6,3298202
TWStm6,3299958
TWStm6,3303148
TWStm6,3304882
TWStm6,3305861
TWStm6,3306785
TWStm6,3310778
TWStm6,3311312
TWStm6,3312437
TWStm6,3315096
TWStm6,3315112
TWStm6,3318682
TWStm6,3319170
TWStm6,3319231
TWStm6,3319660
TWStm6,3320554
TWStm6,3324876
TWStm6,3325263
TWStm6,3325488
TWStm6,3326839
TWStm6,3327995
TWStm6,3329710
TWStm6,3332397
TWStm6,3332787
TWStm6,3333067
TWStm6,3333156
TWStm6,3336232
TWStm6,3337786
TWStm6,3337802
TWStm6,3339176
TWStm6,3340125
TWStm6,3340577
TWStm6,3341045
TWStm6,3341259
TWStm6,3341643
TWStm6,3342325
TWStm6,3342977
TWStm6,3343841
TWStm6,3344541
TWStm6,3345257
TWStm6,3346702
TWStm6,3400386
TWStm6,3400560
TWStm6,3400837
TWStm6,3401989
TWStm6,3402466
TWStm6,3403525
TWStm6,3403844
TWStm6,3404208
TWStm6,3404714
TWStm6,3405361
TWStm6,3405766
TWStm6,3405769
TWStm6,3406202
TWStm6,3406535
TWStm6,3406776
TWStm6,3407883
TWStm6,3408099
TWStm6,3412717
TWStm6,3413420
TWStm6,3414464
TWStm6,3414621
TWStm6,3414622
TWStm6,3414961
TWStm6,3414998
TWStm6,3415306
TWStm6,3415496
TWStm6,3415559
TWStm6,3415639
TWStm6,3416630
TWStm6,3417325
TWStm6,3418408
TWStm6,3418568
TWStm6,3419239
TWStm6,3419272
TWStm6,3420563
TWStm6,3421803
TWStm6,3423806
TWStm6,3423829
TWStm6,3425598
TWStm6,3425640
TWStm6,3426160
TWStm6,3427056
TWStm6,3427116
TWStm6,3427284
TWStm6,3427574
TWStm6,3427980
TWStm6,3430294
TWStm6,3431822
TWStm6,3432594
TWStm6,3432861
TWStm6,3433403
TWStm6,3433817
TWStm6,3434432
TWStm6,3434610
TWStm6,3434817
TWStm6,3435124
TWStm6,3435450
TWStm6,3436480
TWStm6,3438202
TWStm6,3438850
TWStm6,3439019
TWStm6,3439199
TWStm6,3439551
TWStm6,3440777
TWStm6,3441264
TWStm6,3442046
TWStm6,3442057
TWStm6,3442254
TWStm6,3443735
TWStm6,3443802
TWStm6,3444100
TWStm6,3444124
TWStm6,3444288
TWStm6,3445288
TWStm6,3446168
TWStm6,3446214
TWStm6,3447104
TWStm6,3447991
TWStm6,3449277
TWStm6,3449864
TWStm6,3451369
TWStm6,3452355
TWStm6,3452788
TWStm6,3452930
TWStm6,3453004
TWStm6,3454924
TWStm6,3455559
TWStm6,3456353
TWStm6,3457474
TWStm6,3457728
TWStm6,3460335
TWStm6,3460370
TWStm6,3461363
TWStm6,3462815
TWStm6,3464531
TWStm6,3465643
TWStm6,3466505
TWStm6,3467140
TWStm6,3467402
TWStm6,3473934
TWStm6,3474433
TWStm6,3476286
TWStm6,3476937
TWStm6,3479730
TWStm6,3479812
TWStm6,3481966
TWStm6,3482346
TWStm6,3483202
TWStm6,3483467
TWStm6,3483540
TWStm6,3483997
TWStm6,3484551
TWStm6,3486071
TWStm6,3486403
TWStm6,3486822
TWStm6,3487645
TWStm6,3488930
TWStm6,3489495
TWStm6,3489696
TWStm6,3493749
TWStm6,3497442
TWStm6,3503275
TWStm6,3505118
TWStm6,3505423
TWStm6,3505969
TWStm6,3507696
TWStm6,3508107
TWStm6,3508131
TWStm6,3508330
TWStm6,3508585
TWStm6,3510403
TWStm6,3511738
TWStm6,3511743
TWStm6,3511797
TWStm6,3514225
TWStm6,3518023
TWStm6,3518025
TWStm6,3520219
TWStm6,3521340
TWStm6,3521813
TWStm6,3523027
TWStm6,3523038
TWStm6,3523624
TWStm6,3524542
TWStm6,3526584
TWStm6,3527293
TWStm6,3528054
TWStm6,3529323
TWStm6,3530379
TWStm6,3530451
TWStm6,3531868
TWStm6,3533271
TWStm6,3534940
TWStm6,3535259
TWStm6,3540437
TWStm6,3540992
TWStm6,3541007
TWStm6,3541010
TWStm6,3541013
TWStm6,3541444
TWStm6,3541935
TWStm6,3544995
TWStm6,3546378
TWStm6,3546442
TWStm6,3546526
TWStm6,3546643
TWStm6,3548510
TWStm6,3549082
TWStm6,3549134
TWStm6,3549173
TWStm6,3549345
TWStm6,3549582
TWStm6,3550082
TWStm6,3551345
TWStm6,3554245
TWStm6,3554457
TWStm6,3554675
TWStm6,3559546
TWStm6,3560663
TWStm6,3563920
TWStm6,3564435
TWStm6,3564913
TWStm6,3565549
TWStm6,3565681
TWStm6,3566083
TWStm6,3567132
TWStm6,3567890
TWStm6,3570596
TWStm6,3572589
TWStm6,3572988
TWStm6,3574143
TWStm6,3574685
TWStm6,3576337
TWStm6,3579481
TWStm6,3579907
TWStm6,3581429
TWStm6,3582020
TWStm6,3582351
TWStm6,3582388
TWStm6,3582573
TWStm6,3583582
TWStm6,3584364
TWStm6,3586675
TWStm6,3587566
TWStm6,3587641
TWStm6,3587792
TWStm6,3587910
TWStm6,3587976
TWStm6,3593616
TWStm6,3594370
TWStm6,3595919
TWStm6,3596799
TWStm6,3597263
TWStm6,3597571
TWStm6,3597643
TWStm6,3597846
TWStm6,3599267
TWStm6,3600253
TWStm6,3601829
TWStm6,3602971
TWStm6,3603176
TWStm6,3605658
TWStm6,3610576
TWStm6,3610681
TWStm6,3612514
TWStm6,3614633
TWStm6,3614871
TWStm6,3615411
TWStm6,3617720
TWStm6,3623235
TWStm6,3623330
TWStm6,3623354
TWStm6,3623575
TWStm6,3626137
TWStm6,3626244
TWStm6,3626992
TWStm6,3627197
TWStm6,3628078
TWStm6,3628351
TWStm6,3629587
TWStm6,3630363
TWStm6,3631231
TWStm6,3632331
TWStm6,3633688
TWStm6,3636696
TWStm6,3637343
TWStm6,3638551
TWStm6,3639153
TWStm6,3639251
TWStm6,3639381
TWStm6,3639570
TWStm6,3640242
TWStm6,3640956
TWStm6,3641947
TWStm6,3642424
TWStm6,3644524
TWStm6,3651399
TWStm6,3651823
TWStm6,3652313
TWStm6,3653981
TWStm6,3655013
TWStm6,3656627
TWStm6,3656963
TWStm6,3658330
TWStm6,3659756
TWStm6,3664783
TWStm6,3664905
TWStm6,3665046
TWStm6,3665312
TWStm6,3666377
TWStm6,3667292
TWStm6,3667409
TWStm6,3667875
TWStm6,3668849
TWStm6,3670254
TWStm6,3671172
TWStm6,3671573
TWStm6,3672697
TWStm6,3673113
TWStm6,3673172
TWStm6,3673579
TWStm6,3674519
TWStm6,3676016
TWStm6,3678223
TWStm6,3680906
TWStm6,3681120
TWStm6,3681368
TWStm6,3682034
TWStm6,3683153
TWStm6,3684865
TWStm6,3686346
TWStm6,3686432
TWStm6,3686663
TWStm6,3686751
TWStm6,3688779
TWStm6,3688797
TWStm6,3692497
TWStm6,3695965
TWStm6,3698809
TWStm6,3701510
TWStm6,3701645
TWStm6,3702565
TWStm6,3703053
TWStm6,3703706
TWStm6,3703911
TWStm6,3704872
TWStm6,3705261
TWStm6,3705496
TWStm6,3706784
TWStm6,3707261
TWStm6,3709248
TWStm6,3709818
TWStm6,3710201
TWStm6,3710446
TWStm6,3710594
TWStm6,3710679
TWStm6,3711598
TWStm6,3712255
TWStm6,3714709
TWStm6,3715137
TWStm6,3715151
TWStm6,3717228
TWStm6,3717345
TWStm6,3718813
TWStm6,3719952
TWStm6,3720049
TWStm6,3720809
TWStm6,3721013
TWStm6,3721066
TWStm6,3722162
TWStm6,3724610
TWStm6,3725060
TWStm6,3725965
TWStm6,3726117
TWStm6,3727062
TWStm6,3729093
TWStm6,3731824
TWStm6,3732814
TWStm6,3733180
TWStm6,3733364
TWStm6,3734698
TWStm6,3735116
TWStm6,3735232
TWStm6,3735891
TWStm6,3736736
TWStm6,3737236
TWStm6,3737527
TWStm6,3738008
TWStm6,3741313
TWStm6,3741764
TWStm6,3741985
TWStm6,3742750
TWStm6,3744379
TWStm6,3745590
TWStm6,3747716
TWStm6,3748981
TWStm6,3749128
TWStm6,3750499
TWStm6,3751244
TWStm6,3751258
TWStm6,3751409
TWStm6,3751995
TWStm6,3752126
TWStm6,3752682
TWStm6,3753347
TWStm6,3753673
TWStm6,3754213
TWStm6,3756920
TWStm6,3757519
TWStm6,3758056
TWStm6,3759023
TWStm6,3759443
TWStm6,3760486
TWStm6,3761302
TWStm6,3763718
TWStm6,3765576
TWStm6,3767383
TWStm6,3767741
TWStm6,3767952
TWStm6,3768902
TWStm6,3769698
TWStm6,3770369
TWStm6,3772136
TWStm6,3772707
TWStm6,3774837
TWStm6,3774947
TWStm6,3776947
TWStm6,3779276
TWStm6,3779420
TWStm6,3780574
TWStm6,3782556
TWStm6,3782735
TWStm6,3782835
TWStm6,3783101
TWStm6,3783930
TWStm6,3784266
TWStm6,3789362
TWStm6,3791416
TWStm6,3791948
TWStm6,3791980
TWStm6,3794413
TWStm6,3795651
TWStm6,3795679
TWStm6,3796320
TWStm6,3796500
TWStm6,3796576
TWStm6,3797636
TWStm6,3800518
TWStm6,3800644
TWStm6,3800854
TWStm6,3802859
TWStm6,3803760
TWStm6,3805070
TWStm6,3805216
TWStm6,3809554
TWStm6,3810881
TWStm6,3810977
TWStm6,3811527
TWStm6,3811920
TWStm6,3812036
TWStm6,3812425
TWStm6,3814085
TWStm6,3815196
TWStm6,3816796
TWStm6,3817064
TWStm6,3817270
TWStm6,3818778
TWStm6,3819948
TWStm6,3820408
TWStm6,3821311
TWStm6,3821680
TWStm6,3821757
TWStm6,3821962
TWStm6,3822316
TWStm6,3824369
TWStm6,3824755
TWStm6,3825331
TWStm6,3827085
TWStm6,3827733
TWStm6,3827927
TWStm6,3828334
TWStm6,3828845
TWStm6,3829672
TWStm6,3829975
TWStm6,3830401
TWStm6,3831915
TWStm6,3832294
TWStm6,3832671
TWStm6,3832993
TWStm6,3833506
TWStm6,3833640
TWStm6,3833693
TWStm6,3834063
TWStm6,3835536
TWStm6,3835556
TWStm6,3835701
TWStm6,3835822
TWStm6,3835950
TWStm6,3836471
TWStm6,3837442
TWStm6,3837444
TWStm6,3837462
TWStm6,3837508
TWStm6,3838934
TWStm6,3839564
TWStm6,3840942
TWStm6,3841735
TWStm6,3841896
TWStm6,3843070
TWStm6,3845185
TWStm6,3846138
TWStm6,3846303
TWStm6,3847144
TWStm6,3848694
TWStm6,3848752
TWStm6,3852836
TWStm6,3853494
TWStm6,3854595
TWStm6,3865729
TWStm6,3865985
TWStm6,3866529
TWStm6,3866924
TWStm6,3867859
TWStm6,3868039
TWStm6,3868124
TWStm6,3871828
TWStm6,3873888
TWStm6,3875634
TWStm6,3876454
TWStm6,3876814
TWStm6,3876965
TWStm6,3877046
TWStm6,3877201
TWStm6,3877672
TWStm6,3878240
TWStm6,3878467
TWStm6,3879334
TWStm6,3879541
TWStm6,3879721
TWStm6,3881678
TWStm6,3881720
TWStm6,3883332
TWStm6,3883401
TWStm6,3884493
TWStm6,3884765
TWStm6,3885561
TWStm6,3885949
TWStm6,3886259
TWStm6,3887798
TWStm6,3888260
TWStm6,3888791
TWStm6,3889725
TWStm6,3889773
TWStm6,3890314
TWStm6,3890815
TWStm6,3891319
TWStm6,3892685
TWStm6,3892849
TWStm6,3895221
TWStm6,3895406
TWStm6,3896194
TWStm6,3896408
TWStm6,3896996
TWStm6,3897772
TWStm6,3898133
TWStm6,3898907
TWStm6,3900060
TWStm6,3900224
TWStm6,3900631
TWStm6,3900842
TWStm6,3905223
TWStm6,3905409
TWStm6,3905573
TWStm6,3906694
TWStm6,3906888
TWStm6,3907215
TWStm6,3907591
TWStm6,3907880
TWStm6,3910815
TWStm6,3911691
TWStm6,3911979
TWStm6,3912290
TWStm6,3912672
TWStm6,3915166
TWStm6,3916284
TWStm6,3918183
TWStm6,3918592
TWStm6,3920437
TWStm6,3920461
TWStm6,3923276
TWStm6,3923785
TWStm6,3924832
TWStm6,3925873
TWStm6,3926741
TWStm6,3926926
TWStm6,3928423
TWStm6,3928520
TWStm6,3928847
TWStm6,3929215
TWStm6,3930539
TWStm6,3931146
TWStm6,3931824
TWStm6,3931889
TWStm6,3934104
TWStm6,3935242
TWStm6,3936401
TWStm6,3937083
TWStm6,3940259
TWStm6,3941377
TWStm6,3944135
TWStm6,3944409
TWStm6,3947406
TWStm6,3949617
TWStm6,3949871
TWStm6,3950198
TWStm6,3950267
TWStm6,3951245
TWStm6,3951666
TWStm6,3952064
TWStm6,3953557
TWStm6,3953879
TWStm6,3954207
TWStm6,3955122
TWStm6,3955560
TWStm6,3958909
TWStm6,3959400
TWStm6,3959425
TWStm6,3959471
TWStm6,3961898
TWStm6,3962122
TWStm6,3962486
TWStm6,3962594
TWStm6,3962700
TWStm6,3962920
TWStm6,3964019
TWStm6,3965240
TWStm6,3966281
TWStm6,3966690
TWStm6,3968043
TWStm6,3968331
TWStm6,3969302
TWStm6,3971082
TWStm6,3971418
TWStm6,3972233
TWStm6,3974553
TWStm6,3974699
TWStm6,3974890
TWStm6,3975007
TWStm6,3975185
TWStm6,3975663
TWStm6,3976155
TWStm6,3976156
TWStm6,3976256
TWStm6,3976522
TWStm6,3977489
TWStm6,3977741
TWStm6,3979087
TWStm6,3979762
TWStm6,3983526
TWStm6,3983811
TWStm6,3985647
TWStm6,3985697
TWStm6,3987839
TWStm6,3988844
TWStm6,3991049
TWStm6,3991079
TWStm6,3991415
TWStm6,3993207
TWStm6,3996313
TWStm6,3996777
TWStm6,3997824
TWStm6,3999700
TWStm6,4001002
TWStm6,4002685
TWStm6,4005281
TWStm6,4006426
TWStm6,4006977
TWStm6,4007341
TWStm6,4009021
TWStm6,4009313
TWStm6,4011353
TWStm6,4011992
TWStm6,4012347
TWStm6,4012701
TWStm6,4013603
TWStm6,4013802
TWStm6,4014033
TWStm6,4014089
TWStm6,4014268
TWStm6,4014772
TWStm6,4015814
TWStm6,4016934
TWStm6,4017728
TWStm6,4021608
TWStm6,4022445
TWStm6,4022849
TWStm6,4024818
TWStm6,4025284
TWStm6,4026251
TWStm6,4026601
TWStm6,4028156
TWStm6,4030183
TWStm6,4031757
TWStm6,4032527
TWStm6,4032998
TWStm6,4033530
TWStm6,4033538
TWStm6,4033558
TWStm6,4033559
TWStm6,4033579
TWStm6,4033626
TWStm6,4033628
TWStm6,4033687
TWStm6,4039755
TWStm6,4040213
TWStm6,4041253
TWStm6,4041443
TWStm6,4041944
TWStm6,4042855
TWStm6,4043778
TWStm6,4045052
TWStm6,4046509
TWStm6,4047048
TWStm6,4047746
TWStm6,4050003
TWStm6,4050148
TWStm6,4052387
TWStm6,4053749
TWStm6,4053829
TWStm6,4053986
TWStm6,4056330
TWStm6,4057974
TWStm6,4058959
TWStm6,4059204
TWStm6,4059286
TWStm6,4059631
TWStm6,4059642
TWStm6,4062624
TWStm6,4063501
TWStm6,4065322
TWStm6,4065548
TWStm6,4065930
TWStm6,4068730
TWStm6,4072008
TWStm6,4072920
TWStm6,4073198
TWStm6,4073532
TWStm6,4073749
TWStm6,4074539
TWStm6,4075015
TWStm6,4076008
TWStm6,4080923
TWStm6,4081106
TWStm6,4082362
TWStm6,4082412
TWStm6,4082782
TWStm6,4083036
TWStm6,4083623
TWStm6,4084628
TWStm6,4084660
TWStm6,4084712
TWStm6,4085632
TWStm6,4086527
TWStm6,4086975
TWStm6,4088593
TWStm6,4089180
TWStm6,4089312
TWStm6,4092172
TWStm6,4098462
TWStm6,4099339
TWStm6,4102095
TWStm6,4102531
TWStm6,4102871
TWStm6,4103521
TWStm6,4105163
TWStm6,4105761
TWStm6,4106846
TWStm6,4107620
TWStm6,4108130
TWStm6,4108281
TWStm6,4109440
TWStm6,4110722
TWStm6,4111013
TWStm6,4111272
TWStm6,4113668
TWStm6,4115159
TWStm6,4115537
TWStm6,4117250
TWStm6,4117803
TWStm6,4117941
TWStm6,4117970
TWStm6,4119653
TWStm6,4120307
TWStm6,4120583
TWStm6,4121114
TWStm6,4121129
TWStm6,4121218
TWStm6,4126286
TWStm6,4126292
TWStm6,4126362
TWStm6,4126363
TWStm6,4127216
TWStm6,4127876
TWStm6,4129237
TWStm6,4130081
TWStm6,4130097
TWStm6,4130852
TWStm6,4133873
TWStm6,4134368
TWStm6,4136194
TWStm6,4140279
TWStm6,4143384
TWStm6,4143518
TWStm6,4143643
TWStm6,4143989
TWStm6,4145534
TWStm6,4145618
TWStm6,4146574
TWStm6,4146694
TWStm6,4146992
TWStm6,4148252
TWStm6,4148645
TWStm6,4148753
TWStm6,4149067
TWStm6,4152971
TWStm6,4153565
TWStm6,4154202
TWStm6,4154736
TWStm6,4154942
TWStm6,4157057
TWStm6,4158659
TWStm6,4158775
TWStm6,4160320
TWStm6,4160841
TWStm6,4161028
TWStm6,4162420
TWStm6,4163164
TWStm6,4164104
TWStm6,4165384
TWStm6,4170659
TWStm6,4170848
TWStm6,4171827
TWStm6,4172750
TWStm6,4173402
TWStm6,4174132
TWStm6,4175011
TWStm6,4177890
TWStm6,4181856
TWStm6,4183772
TWStm6,4186392
TWStm6,4186967
TWStm6,4188273
TWStm6,4188684
TWStm6,4189953
TWStm6,4190126
TWStm6,4190394
TWStm6,4193086
TWStm6,4193855
TWStm6,4194225
TWStm6,4194480
TWStm6,4194628
TWStm6,4195413
TWStm6,4195482
TWStm6,4197953
TWStm6,4199063
TWStm6,4200179
TWStm6,4200519
TWStm6,4201749
TWStm6,4201909
TWStm6,4203764
TWStm6,4204163
TWStm6,4209203
TWStm6,4209809
TWStm6,4210387
TWStm6,4210597
TWStm6,4210702
TWStm6,4211415
TWStm6,4212011
TWStm6,4212795
TWStm6,4213584
TWStm6,4217063
TWStm6,4217119
TWStm6,4217281
TWStm6,4219979
TWStm6,4222201
TWStm6,4222286
TWStm6,4222292
TWStm6,4225301
TWStm6,4225805
TWStm6,4228423
TWStm6,4228543
TWStm6,4231050
TWStm6,4234626
TWStm6,4234840
TWStm6,4236004
TWStm6,4236718
TWStm6,4239290
TWStm6,4241543
TWStm6,4242418
TWStm6,4242886
TWStm6,4242889
TWStm6,4243030
TWStm6,4243684
TWStm6,4244228
TWStm6,4247156
TWStm6,4247517
TWStm6,4247518
TWStm6,4247747
TWStm6,4248201
TWStm6,4248608
TWStm6,4248737
TWStm6,4248844
TWStm6,4251811
TWStm6,4253223
TWStm6,4255465
TWStm6,4255750
TWStm6,4255974
TWStm6,4256423
TWStm6,4257263
TWStm6,4258128
TWStm6,4258990
TWStm6,4259344
TWStm6,4259424
TWStm6,4260712
TWStm6,4262946
TWStm6,4263418
TWStm6,4263969
TWStm6,4264591
TWStm6,4265635
TWStm6,4266572
TWStm6,4267045
TWStm6,4267718
TWStm6,4271875
TWStm6,4272234
TWStm6,4273192
TWStm6,4273505
TWStm6,4276113
TWStm6,4276115
TWStm6,4277847
TWStm6,4280553
TWStm6,4280935
TWStm6,4282232
TWStm6,4283052
TWStm6,4283358
TWStm6,4283560
TWStm6,4283567
TWStm6,4285503
TWStm6,4285684
TWStm6,4287302
TWStm6,4288356
TWStm6,4289162
TWStm6,4290999
TWStm6,4293277
TWStm6,4293447
TWStm6,4294918
TWStm6,4296655
TWStm6,4301880
TWStm6,4302136
TWStm6,4302921
TWStm6,4303158
TWStm6,4303982
TWStm6,4304392
TWStm6,4305939
TWStm6,4307381
TWStm6,4308848
TWStm6,4309852
TWStm6,4313210
TWStm6,4315174
TWStm6,4318607
TWStm6,4318610
TWStm6,4319515
TWStm6,4319578
TWStm6,4320195
TWStm6,4323529
TWStm6,4323965
TWStm6,4325312
TWStm6,4325452
TWStm6,4327198
TWStm6,4327429
TWStm6,4328753
TWStm6,4329748
TWStm6,4329938
TWStm6,4330086
TWStm6,4330243
TWStm6,4330692
TWStm6,4331652
TWStm6,4332637
TWStm6,4334191
TWStm6,4334272
TWStm6,4335875
TWStm6,4336162
TWStm6,4336341
TWStm6,4336627
TWStm6,4336756
TWStm6,4337207
TWStm6,4337662
TWStm6,4339090
TWStm6,4339533
TWStm6,4340114
TWStm6,4340590
TWStm6,4342049
TWStm6,4343210
TWStm6,4343778
TWStm6,4345077
TWStm6,4346032
TWStm6,4349886
TWStm6,4352703
TWStm6,4352936
TWStm6,4354289
TWStm6,4357172
TWStm6,4359412
TWStm6,4360514
TWStm6,4360871
TWStm6,4361980
TWStm6,4363811
TWStm6,4363984
TWStm6,4365418
TWStm6,4366485
TWStm6,4368139
TWStm6,4368233
TWStm6,4369321
TWStm6,4369510
TWStm6,4369666
TWStm6,4370008
TWStm6,4370221
TWStm6,4370569
TWStm6,4370864
TWStm6,4370873
TWStm6,4375833
TWStm6,4375872
TWStm6,4378371
TWStm6,4381002
TWStm6,4383689
TWStm6,4383701
TWStm6,4384607
TWStm6,4385534
TWStm6,4386527
TWStm6,4388931
TWStm6,4389520
TWStm6,4393579
TWStm6,4394784
TWStm6,4394909
TWStm6,4396609
TWStm6,4397117
TWStm6,4397467
TWStm6,4399548
TWStm6,4401715
TWStm6,4405404
TWStm6,4406594
TWStm6,4407915
TWStm6,4407924
TWStm6,4407946
TWStm6,4409232
TWStm6,4409988
TWStm6,4411327
TWStm6,4413577
TWStm6,4415543
TWStm6,4415637
TWStm6,4415638
TWStm6,4415640
TWStm6,4417452
TWStm6,4420851
TWStm6,4420852
TWStm6,4421040
TWStm6,4421663
TWStm6,4422931
TWStm6,4423225
TWStm6,4423591
TWStm6,4423598
TWStm6,4423943
TWStm6,4425148
TWStm6,4425970
TWStm6,4427238
TWStm6,4428178
TWStm6,4428200
TWStm6,4431419
TWStm6,4433811
TWStm6,4434471
TWStm6,4435080
TWStm6,4435105
TWStm6,4435569
TWStm6,4460711
TWStm6,4464798
TWStm6,4467386
TWStm6,4468669
TWStm6,4469139
TWStm6,4469350
TWStm6,4470546
TWStm6,4470842
TWStm6,4471168
TWStm6,4475145
TWStm6,4475793
TWStm6,4477656
TWStm6,4477882
TWStm6,4479261
TWStm6,4530925
TWStm6,4532908
TWStm6,4534111
TWStm6,4535747
TWStm6,4536831
TWStm6,4539146
TWStm6,4541001
TWStm6,4541138
TWStm6,4542744
TWStm6,4545306
TWStm6,4545716
TWStm6,4547405
TWStm6,4547606
TWStm6,4547751
TWStm6,4547769
TWStm6,4547780
TWStm6,4547784
TWStm6,4548957
TWStm6,4550575
TWStm6,4550800
TWStm6,4552914
TWStm6,4554920
TWStm6,4555459
TWStm6,4555745
TWStm6,4555902
TWStm6,4556420
TWStm6,4556578
TWStm6,4556617
TWStm6,4557191
TWStm6,4560723
TWStm6,4561117
TWStm6,4561543
TWStm6,4563109
TWStm6,4564481
TWStm6,4566487
TWStm6,4570707
TWStm6,4571616
TWStm6,4572587
TWStm6,4573419
TWStm6,4573811
TWStm6,4575650
TWStm6,4577379
TWStm6,4577380
TWStm6,4579156
TWStm6,4581562
TWStm6,4582614
TWStm6,4583135
TWStm6,4583172
TWStm6,4583802
TWStm6,4589286
TWStm6,4589306
TWStm6,4590846
TWStm6,4593810
TWStm6,4595523
TWStm6,4598064
TWStm6,4599140
TWStm6,4599651
TWStm6,4600541
TWStm6,4602047
TWStm6,4603180
TWStm6,4603217
TWStm6,4606279
TWStm6,4606551
TWStm6,4607654
TWStm6,4607703
TWStm6,4607844
TWStm6,4611606
TWStm6,4612559
TWStm6,4612573
TWStm6,4613468
TWStm6,4616217
TWStm6,4616563
TWStm6,4617036
TWStm6,4617118
TWStm6,4620934
TWStm6,4622209
TWStm6,4622707
TWStm6,4623484
TWStm6,4625111
TWStm6,4626375
TWStm6,4626399
TWStm6,4626672
TWStm6,4628520
TWStm6,4631029
TWStm6,4634459
TWStm6,4634465
TWStm6,4636215
TWStm6,4636377
TWStm6,4640354
TWStm6,4640784
TWStm6,4641576
TWStm6,4642939
TWStm6,4644035
TWStm6,4644721
TWStm6,4646033
TWStm6,4647017
TWStm6,4648847
TWStm6,4649479
TWStm6,4652192
TWStm6,4656443
TWStm6,4657334
TWStm6,4657745
TWStm6,4658324
TWStm6,4658742
TWStm6,4658994
TWStm6,4661831
TWStm6,4661984
TWStm6,4662612
TWStm6,4663239
TWStm6,4664268
TWStm6,4664809
TWStm6,4665425
TWStm6,4665460
TWStm6,4666343
TWStm6,4666372
TWStm6,4667001
TWStm6,4670532
TWStm6,4670566
TWStm6,4674130
TWStm6,4674871
TWStm6,4674922
TWStm6,4675571
TWStm6,4675738
TWStm6,4680233
TWStm6,4680894
TWStm6,4681195
TWStm6,4681928
TWStm6,4682280
TWStm6,4682633
TWStm6,4684673
TWStm6,4687606
TWStm6,4690154
TWStm6,4690400
TWStm6,4690544
TWStm6,4690559
TWStm6,4691962
TWStm6,4693668
TWStm6,4695446
TWStm6,4696130
TWStm6,4700436
TWStm6,4701190
TWStm6,4701898
TWStm6,4703757
TWStm6,4708260
TWStm6,4708289
TWStm6,4708295
TWStm6,4708922
TWStm6,4708965
TWStm6,4710082
TWStm6,4711798
TWStm6,4714240
TWStm6,4714338
TWStm6,4714422
TWStm6,4715047
TWStm6,4715489
TWStm6,4715799
TWStm6,4716648
TWStm6,4716908
TWStm6,4717460
TWStm6,4717462
TWStm6,4718444
TWStm6,4721969
TWStm6,4722231
TWStm6,4723544
TWStm6,4724334
TWStm6,4724354
TWStm6,4724802
TWStm6,4724989
TWStm6,4726570
TWStm6,4727061
TWStm6,4728839
TWStm6,4730263
TWStm6,4730577
TWStm6,4730856
TWStm6,4731102
TWStm6,4733387
TWStm6,4733567
TWStm6,4734226
TWStm6,4734689
TWStm6,4735616
TWStm6,4736350
TWStm6,4737598
TWStm6,4737868
TWStm6,4737870
TWStm6,4738088
TWStm6,4740102
TWStm6,4740873
TWStm6,4742512
TWStm6,4742520
TWStm6,4743030
TWStm6,4745939
TWStm6,4746133
TWStm6,4746323
TWStm6,4746335
TWStm6,4746482
TWStm6,4746898
TWStm6,4746965
TWStm6,4749828
TWStm6,4753941
TWStm6,4753946
TWStm6,4754461
TWStm6,4755779
TWStm6,4755782
TWStm6,4756298
TWStm6,4756461
TWStm6,4756561
TWStm6,4758267
TWStm6,4758449
TWStm6,4760036
TWStm6,4760620
TWStm6,4760744
TWStm6,4761905
TWStm6,4765234
TWStm6,4765370
TWStm6,4766624
TWStm6,4766632
TWStm6,4766645
TWStm6,4766649
TWStm6,4766665
TWStm6,4767826
TWStm6,4768332
TWStm6,4768738
TWStm6,4769827
TWStm6,4772885
TWStm6,4774002
TWStm6,4774403
TWStm6,4776235
TWStm6,4777114
TWStm6,4778178
TWStm6,4778720
TWStm6,4778862
TWStm6,4779595
TWStm6,4779706
TWStm6,4784084
TWStm6,4784470
TWStm6,4784627
TWStm6,4785064
TWStm6,4785465
TWStm6,4785877
TWStm6,4788787
TWStm6,4790355
TWStm6,4790513
TWStm6,4794076
TWStm6,4795085
TWStm6,4795129
TWStm6,4796863
TWStm6,4797782
TWStm6,4798013
TWStm6,4801639
TWStm6,4801904
TWStm6,4803658
TWStm6,4803659
TWStm6,4804061
TWStm6,4804202
TWStm6,4804599
TWStm6,4804836
TWStm6,4804866
TWStm6,4806763
TWStm6,4807632
TWStm6,4808010
TWStm6,4808071
TWStm6,4808193
TWStm6,4808225
TWStm6,4808838
TWStm6,4808994
TWStm6,4810447
TWStm6,4811172
TWStm6,4812523
TWStm6,4812590
TWStm6,4812678
TWStm6,4812740
TWStm6,4814277
TWStm6,4816374
TWStm6,4817026
TWStm6,4817940
TWStm6,4818503
TWStm6,4818563
TWStm6,4819188
TWStm6,4819444
TWStm6,4821181
TWStm6,4822558
TWStm6,4824224
TWStm6,4826502
TWStm6,4826992
TWStm6,4827799
TWStm6,4830034
TWStm6,4830804
TWStm6,4830964
TWStm6,4831588
TWStm6,4831941
TWStm6,4832846
TWStm6,4833436
TWStm6,4833533
TWStm6,4833632
TWStm6,4833701
TWStm6,4835927
TWStm6,4838272
TWStm6,4838844
TWStm6,4839736
TWStm6,4840160
TWStm6,4840904
TWStm6,4841874
TWStm6,4842572
TWStm6,4842710
TWStm6,4843593
TWStm6,4844152
TWStm6,4844513
TWStm6,4845721
TWStm6,4850213
TWStm6,4852917
TWStm6,4854661
TWStm6,4854731
TWStm6,4855871
TWStm6,4855940
TWStm6,4856134
TWStm6,4856208
TWStm6,4856852
TWStm6,4857072
TWStm6,4859736
TWStm6,4860966
TWStm6,4862639
TWStm6,4863704
TWStm6,4865149
TWStm6,4866256
TWStm6,4866352
TWStm6,4866985
TWStm6,4866996
TWStm6,4868126
TWStm6,4869762
TWStm6,4869892
TWStm6,4870869
TWStm6,4872557
TWStm6,4872862
TWStm6,4873260
TWStm6,4873557
TWStm6,4877927
TWStm6,4879771
TWStm6,4882352
TWStm6,4882443
TWStm6,4883350
TWStm6,4885705
TWStm6,4886139
TWStm6,4886246
TWStm6,4886340
TWStm6,4887232
TWStm6,4888192
TWStm6,4889034
TWStm6,4890357
TWStm6,4890751
TWStm6,4893199
TWStm6,4893236
TWStm6,4895868
TWStm6,4896068
TWStm6,4897228
TWStm6,4899168
TWStm6,4900009
TWStm6,4900023
TWStm6,4901872
TWStm6,4902913
TWStm6,4903043
TWStm6,4903525
TWStm6,4903757
TWStm6,4904899
TWStm6,4905029
TWStm6,4905447
TWStm6,4906756
TWStm6,4909676
TWStm6,4909741
TWStm6,4911819
TWStm6,4913067
TWStm6,4913302
TWStm6,4914276
TWStm6,4916821
TWStm6,4920588
TWStm6,4920836
TWStm6,4921710
TWStm6,4921735
TWStm6,4923858
TWStm6,4924664
TWStm6,4927819
TWStm6,4928107
TWStm6,4928179
TWStm6,4928416
TWStm6,4928832
TWStm6,4929978
TWStm6,4930466
TWStm6,4932641
TWStm6,4932656
TWStm6,4932830
TWStm6,4932959
TWStm6,4933077
TWStm6,4933328
TWStm6,4933586
TWStm6,4934701
TWStm6,4934761
TWStm6,4934976
TWStm6,4935478
TWStm6,4936268
TWStm6,4936755
TWStm6,4940207
TWStm6,4941873
TWStm6,4944703
TWStm6,4944953
TWStm6,4945336
TWStm6,4945575
TWStm6,4946147
TWStm6,4946584
TWStm6,4946622
TWStm6,4947913
TWStm6,4950492
TWStm6,4950524
TWStm6,4951406
TWStm6,4951658
TWStm6,4953216
TWStm6,4953645
TWStm6,4954117
TWStm6,4954644
TWStm6,4956171
TWStm6,4956395
TWStm6,4957723
TWStm6,4958127
TWStm6,4958492
TWStm6,4960478
TWStm6,4961042
TWStm6,4961146
TWStm6,4961378
TWStm6,4961838
TWStm6,4962277
TWStm6,4962974
TWStm6,4968348
TWStm6,4972242
TWStm6,4972380
TWStm6,4973470
TWStm6,4974140
TWStm6,4974740
TWStm6,4976206
TWStm6,4977681
TWStm6,4978574
TWStm6,4979088
TWStm6,4979629
TWStm6,4982608
TWStm6,4982804
TWStm6,4983926
TWStm6,4984212
TWStm6,4986068
TWStm6,4986573
TWStm6,4987137
TWStm6,4987405
TWStm6,4987471
TWStm6,4988258
TWStm6,4989509
TWStm6,4989608
TWStm6,4989674
TWStm6,4992054
TWStm6,4993307
TWStm6,4993849
TWStm6,4994051
TWStm6,4995025
TWStm6,4995503
TWStm6,4995675
TWStm6,4995943
TWStm6,4996292
TWStm6,4998144
TWStm6,4998319
TWStm6,4999492